{"paths":{"0":["audios/出现连线的音效",0],"1":["audios/错误音效",0],"2":["audios/连线消失的音效",0],"3":["audios/胜利的音效",0],"4":["audios/图案变身视频的音效",0],"5":["audios/小团子叽叽喳喳的音效",0],"6":["audios/正确音效",0],"7":["prefab/ui/Item/gezi_1",1],"8":["prefab/ui/Item/gezi_2",1],"9":["prefab/ui/Item/levelProgress",1],"10":["prefab/ui/Item/role",1],"11":["prefab/ui/Item/titleBoard",1],"12":["prefab/ui/panel/GamePanel",1]},"types":["cc.AudioClip","cc.Prefab"],"uuids":["8dlvpJv0NEiYKB7hCLsABT","b44IISFHFK0oDfZxCW6nW4","10zEhDVqhNNqbmbThjDx/s","76lFRo5CNBjYO/5jW0ZWgr","a0PsVS6pxMtoyDq3NBVbjy","90kIwwXNhMOImOb13yVSBK","95LFrPfEJJ24sZojn6Pctr","04Gtpw4TpN24GlhgxB+Xh9","a5VyZVY3ZLqowUMzJlzhsg","07P9T3TBFNdbKyrQ+qqpoR","20Bd6K5pxOhbzKJM/cNGLA","0fXsoQE5xNN49CN5F+6BzR","32+FX7rEVKcJkkZSzITPiN","267bpFcDJJuqKXF1oakmjB","da6XXKEllLV71Kk+IY18gs","2aN1fdLhBG8r9XFUq/ZcP2","dc7YmlGrlOZYA8oFOnAJk5","34fiXw7WVKLqJb+LJyMxQC","a1QGhClONO066OqPeyF6f8","acyiDWCYNGfItmbpQe7VzS","ecpdLyjvZBwrvm+cedCcQy","a2MjXRFdtLlYQ5ouAFv/+R","2auoJYJ4pJ2I0/n84Jc4xZ","a4nSUj/MND96t5etO/gu9B","23X6QW08BPTryYm2PqpAqy","254gRKuq5HuJpLT2P6Q5GQ","155d012e1","81IUWcisVCl5pQ0hqq8L81","7a/QZLET9IDreTiBfRn2PD","0aCs4Y9d5CbriPJW8Wfx4U","d5ul8M6vpKEpuc981aVRYt","47t8O2AQJMm5ti7zYMym9W","02delMVqdBD70a/HSD99FK","dbzQxJKENAYZKMGg/0hZzS","00e4DI/wlKX6qlsQHRfLqo","d3cIGXjnZFuYtQ1FA8tscC","b1ByNnlzFKk5VrYOPiyNyO","beHuHd5A1MpbCyOtd/y3P9","47h+uEsVRIIbx5C06wxvNr","6akWtVG99E+pbyUVBjn0+w"],"scenes":{},"redirect":[20,0,28,0,32,0],"deps":["internal"],"packs":{"022c3330d":[29,10],"0b0c2dbd3":[31,30],"0a5b20de8":[34,13,12,38,39,36,37,35,33],"03b4ddc05":[9,27],"08b01c515":[26,24,25,15,17,18,23,19,14,16]},"name":"resources","importBase":"import","nativeBase":"native","debug":false,"isZip":false,"encrypted":false,"versions":{"import":["022c3330d","d9c2d","03b4ddc05","1f5a5",7,"73c69","08b01c515","dedba","0a5b20de8","b958b","0b0c2dbd3","afe6b",11,"6c8e7",2,"fb5fb",3,"f73fd",0,"a997c",5,"8b555",6,"470ba",4,"7eeae",21,"43d76",8,"f3f32",1,"38726"],"native":[2,"93216",26,"5342e",24,"b0b8d",25,"5a5d6",13,"6af9d",15,"1de51",17,"90db4",3,"da97f",0,"06a6f",5,"c635f",6,"26b05",4,"7c11b",18,"66765",23,"3ac4a",19,"33c13",1,"24800",14,"3ce86",16,"5ade9"]}}