{"paths":{"0":["audios/出现连线的音效",1],"1":["audios/错误音效",1],"2":["audios/连线消失的音效",1],"3":["audios/胜利的音效",1],"4":["audios/图案变身视频的音效",1],"5":["audios/小团子叽叽喳喳的音效",1],"6":["audios/正确音效",1],"7":["K1-J6动画2-1B-声音完成",0],"8":["prefab/ui/Item/gezi_1",2],"9":["prefab/ui/Item/gezi_2",2],"10":["prefab/ui/Item/levelProgress",2],"11":["prefab/ui/Item/role",2],"12":["prefab/ui/Item/titleBoard",2],"13":["prefab/ui/panel/GamePanel",2]},"types":["cc.Asset","cc.AudioClip","cc.Prefab"],"uuids":["8dlvpJv0NEiYKB7hCLsABT","b44IISFHFK0oDfZxCW6nW4","10zEhDVqhNNqbmbThjDx/s","76lFRo5CNBjYO/5jW0ZWgr","a0PsVS6pxMtoyDq3NBVbjy","90kIwwXNhMOImOb13yVSBK","95LFrPfEJJ24sZojn6Pctr","eaSyVIodNGjY8JIwDYLd6S","04Gtpw4TpN24GlhgxB+Xh9","a5VyZVY3ZLqowUMzJlzhsg","07P9T3TBFNdbKyrQ+qqpoR","20Bd6K5pxOhbzKJM/cNGLA","0fXsoQE5xNN49CN5F+6BzR","32+FX7rEVKcJkkZSzITPiN","267bpFcDJJuqKXF1oakmjB","da6XXKEllLV71Kk+IY18gs","a4nSUj/MND96t5etO/gu9B","23X6QW08BPTryYm2PqpAqy","34fiXw7WVKLqJb+LJyMxQC","254gRKuq5HuJpLT2P6Q5GQ","acyiDWCYNGfItmbpQe7VzS","155d012e1","ecpdLyjvZBwrvm+cedCcQy","a2MjXRFdtLlYQ5ouAFv/+R","7a/QZLET9IDreTiBfRn2PD","0aCs4Y9d5CbriPJW8Wfx4U","2auoJYJ4pJ2I0/n84Jc4xZ","dc7YmlGrlOZYA8oFOnAJk5","2aN1fdLhBG8r9XFUq/ZcP2","a1QGhClONO066OqPeyF6f8","6eBWFz0oVHPLIGQKf/9Thu","81IUWcisVCl5pQ0hqq8L81","dbzQxJKENAYZKMGg/0hZzS","00e4DI/wlKX6qlsQHRfLqo","d3cIGXjnZFuYtQ1FA8tscC","b1ByNnlzFKk5VrYOPiyNyO","d5ul8M6vpKEpuc981aVRYt","47t8O2AQJMm5ti7zYMym9W","beHuHd5A1MpbCyOtd/y3P9","47h+uEsVRIIbx5C06wxvNr","6akWtVG99E+pbyUVBjn0+w","8c20Sso/ZEn7NUfNSM+EBh","02delMVqdBD70a/HSD99FK"],"scenes":{},"redirect":[22,0,24,0,42,0],"deps":["internal"],"packs":{"022c3330d":[25,11],"0b0c2dbd3":[37,36],"0a702add9":[33,14,13,39,40,41,35,38,34,32,7],"03b4ddc05":[10,31],"0ed9f8d35":[21,17,19,28,18,30,29,16,20,15,27]},"name":"resources","importBase":"import","nativeBase":"native","debug":false,"isZip":false,"encrypted":false,"versions":{"import":["022c3330d","dc41f","03b4ddc05","1f5a5",8,"73c69","0a702add9","fd2fd","0b0c2dbd3","afe6b","0ed9f8d35","ae74a",12,"6c8e7",2,"fb5fb",3,"f73fd",0,"a997c",5,"8b555",6,"470ba",4,"7eeae",23,"43d76",9,"f3f32",1,"38726"],"native":[2,"93216",21,"5342e",17,"b0b8d",19,"5a5d6",14,"6af9d",28,"1de51",18,"90db4",30,"6d3cf",3,"da97f",0,"06a6f",5,"c635f",6,"26b05",4,"7c11b",29,"66765",16,"3ac4a",20,"33c13",1,"24800",15,"3ce86",27,"5ade9",7,"ce13c"]}}