[1,["ecpdLyjvZBwrvm+cedCcQy","a2MjXRFdtLlYQ5ouAFv/+R","dc7YmlGrlOZYA8oFOnAJk5","dbzQxJKENAYZKMGg/0hZzS","00e4DI/wlKX6qlsQHRfLqo","d3cIGXjnZFuYtQ1FA8tscC","b1ByNnlzFKk5VrYOPiyNyO","7a/QZLET9IDreTiBfRn2PD","d5ul8M6vpKEpuc981aVRYt","47t8O2AQJMm5ti7zYMym9W","beHuHd5A1MpbCyOtd/y3P9","47h+uEsVRIIbx5C06wxvNr","6akWtVG99E+pbyUVBjn0+w","20Bd6K5pxOhbzKJM/cNGLA","267bpFcDJJuqKXF1oakmjB","254gRKuq5HuJpLT2P6Q5GQ","acyiDWCYNGfItmbpQe7VzS","34fiXw7WVKLqJb+LJyMxQC","a1QGhClONO066OqPeyF6f8","23X6QW08BPTryYm2PqpAqy","a4nSUj/MND96t5etO/gu9B"],["node","_spriteFrame","_textureSetter","_parent","root","btn_submit_disabled","btn_node","tigan","data","_N$skeletonData","role_prefab","_N$file"],[["cc.Node",["_name","_active","_prefab","_contentSize","_parent","_components","_trs","_children","_anchorPoint"],1,4,5,1,9,7,2,5],"cc.SpriteFrame",["cc.Sprite",["_sizeMode","_type","_enabled","node","_materials","_spriteFrame"],0,1,3,6],["cc.PrefabInfo",["fileId","root"],2,1],["cc.Layout",["_N$layoutType","_N$paddingLeft","_N$spacingX","_N$paddingTop","_N$spacingY","_resize","_N$paddingRight","node","_layoutSize"],-4,1,5],["cc.TTFFont",["_name","_native"],1],["cc.Prefab",["_name"],2],["cc.Node",["_name","_active","_parent","_children","_components","_prefab","_contentSize","_trs"],1,1,12,9,4,5,7],["cc.Node",["_name","_parent","_components","_prefab","_color","_contentSize","_anchorPoint","_trs"],2,1,2,4,5,5,5,7],["246c2OOkGlKHoa6ZJOVEHI+",["node"],3,1],["cc.Mask",["_N$alphaThreshold","node","_materials"],2,1,3],["cc.BlockInputEvents",["node"],3,1],["f73c56FnmVJYpv47A7O8GFZ",["node","geziType","tigan","btn_node","btn_submit_disabled","role_prefab"],3,1,2,1,1,1,6],["cc.Widget",["_alignFlags","_left","_top","node"],0,1],["219dc1rDTJCjYWJhJNQFxIJ",["needScale","node","touchEndEvents"],2,1,9],["cc.ClickEvent",["_componentId","handler","target"],1,1],["sp.Skeleton",["defaultSkin","_preCacheMode","node","_materials","_N$skeletonData"],1,1,3,6],["cc.Button",["node"],3,1],["cc.Label",["_string","_fontSize","_lineHeight","_isSystemFontUsed","_N$horizontalAlign","_N$verticalAlign","node","_materials"],-3,1,3]],[[3,0,1,2],[0,0,4,5,2,3,6,2],[2,2,0,3,4,5,3],[2,3,4,5,1],[0,0,7,5,2,3,6,2],[0,0,4,2,6,2],[0,0,4,5,2,3,2],[7,0,1,2,3,4,5,6,7,3],[11,0,1],[4,0,1,3,2,4,7,8,6],[14,0,1,2,2],[15,0,1,2,3],[5,0,1,3],[6,0,2],[0,0,7,5,2,3,2],[0,0,4,7,5,2,3,2],[0,0,1,4,7,5,2,3,8,6,3],[0,0,4,2,3,2],[0,0,4,2,3,6,2],[0,0,1,4,7,2,3],[0,0,4,7,5,2,3,6,2],[0,0,1,4,5,2,3,6,3],[8,0,1,2,3,4,5,6,7,2],[9,0,1],[10,0,1,2,2],[3,1,1],[4,5,0,1,6,2,7,8,6],[12,0,1,2,3,4,5,1],[2,1,0,3,4,5,3],[13,0,1,2,3,4],[16,0,1,2,3,4,3],[17,0,1],[18,0,1,2,3,4,5,6,7,7]],[[[{"name":"img_5_5biaoge","rect":[0,0,1372,1371],"offset":[0,0],"originalSize":[1372,1371],"capInsets":[0,0,0,0]}],[1],0,[0],[2],[2]],[[[12,"FZY4JW","FZY4JW.ttf"],-1],0,0,[],[],[]],[[[13,"GamePanel"],[14,"GamePanel",[-5],[[23,-2],[24,0,-3,[142]],[8,-4]],[25,-1],[5,2048,1152]],[4,"gezi",[-7,-8,-9,-10,-11,-12,-13,-14,-15,-16,-17,-18,-19,-20,-21,-22,-23,-24,-25,-26,-27,-28,-29,-30,-31,-32,-33,-34,-35,-36,-37,-38,-39,-40,-41,-42],[[9,3,10,2,11,11,-6,[5,1785,1777]]],[0,"2acyddtqZO8aZNKnZUD8A0",1],[5,1785,1777],[0,-1,0,0,0,0,1,1,1,1]],[4,"gezi",[-44,-45,-46,-47,-48,-49,-50,-51,-52,-53,-54,-55,-56,-57,-58,-59,-60,-61,-62,-63,-64,-65,-66,-67,-68],[[9,3,10,2,10,10,-43,[5,1379,1370]]],[0,"05ceQU211LN6iHkUJT8ayp",1],[5,1279,1270],[0,-1,0,0,0,0,1,1,1,1]],[15,"GameUI",1,[-75,-76,-77,-78,-79,-80],[[27,-74,[-72,-73],-71,-70,-69,141]],[0,"3bb6hihVtOmKPD1CXXaObN",1],[5,2048,1152]],[16,"titleBoard",false,4,[-85,-86],[[28,1,0,-82,[133],134],[26,1,1,50,50,15,-83,[5,215,122]],[29,9,40,40,-84]],[0,"b9Ry3owhhBnLnPF5bUVqZx",-81],[5,215,122],[0,0,0.5],[-984,475,0,0,0,0,1,1,1,1]],[7,"img_5_5biaoge",false,4,[[[17,"draw_node",-88,[0,"b5O3PqO3NHv7AEwVImW7PA",1],[5,1279,1270]],3,[5,"role_node",-89,[0,"22TUunMXdPhaH139eprgRw",1],[0,-1,0,0,0,0,1,1,1,1]]],4,1,4],[[3,-87,[52],53]],[0,"e0wuS+kVxPXJdjDWoTBLGM",1],[5,1372,1371],[210.246,-51.971,0,0,0,0,1,0.6,0.6,1]],[7,"img_6_6biaoge",false,4,[[[18,"draw_node",-91,[0,"aejpzbUV1EsaWUH79Tex6m",1],[5,1785,1777],[0,-3,0,0,0,0,1,1,1,1]],2,[5,"role_node",-92,[0,"d04wf6Y5FNb62zs5ES46QQ",1],[0,-1,0,0,0,0,1,1,1,1]]],4,1,4],[[3,-90,[126],127]],[0,"f5Rz4kC+VFWZjYOflDScZ8",1],[5,1876,1862],[186.623,-47.246,0,0,0,0,1,0.5,0.5,1]],[19,"btn_node",false,4,[-93,-94],[0,"6bmLYasYZB6pakr2+RGJ/s",1]],[20,"btn_submit",8,[-97],[[3,-95,[139],140],[10,true,-96,[[11,"f73c56FnmVJYpv47A7O8GFZ","onClickSubmit",4]]]],[0,"902bCpB9hCc4CxusJ/zV2o",1],[5,141,141],[796.102,-432.305,0,0,0,0,1,1,1,1]],[6,"btn_submit_disabled",9,[[3,-98,[137],138],[8,-99]],[0,"1aD7f3Tx9DKYOakGcyd7jN",1],[5,141,141]],[21,"_sp_laba",false,5,[[30,"default",0,-100,[130],131],[31,-101]],[0,"26O4Mu5dhMV5zXLCJDYu/0",5],[5,112,112],[62,0,0,0,0,0,1,1,1,1]],[1,"btn_return",8,[[3,-102,[135],136],[10,true,-103,[[11,"f73c56FnmVJYpv47A7O8GFZ","onClickReset",4]]]],[0,"9292VsbHJNk6V5NYXTW43w",1],[5,134,134],[793.739,-266.942,0,0,0,0,1,1,1,1]],[6,"bg",4,[[3,-104,[0],1]],[0,"b4HvrwvOtHZou7N4q68jfo",1],[5,2048,1152]],[1,"New Sprite(Splash)",3,[[2,false,0,-105,[2],3]],[0,"adpr5+XltMoI4lCkAjjTHA",1],[5,244,244],[-507.5,511,0,0,0,0,1,1,1,1]],[1,"New Sprite(Splash) copy",3,[[2,false,0,-106,[4],5]],[0,"60YiZAoxpFd7TmhuLBmhsR",1],[5,244,244],[-253.5,511,0,0,0,0,1,1,1,1]],[1,"New Sprite(Splash) copy",3,[[2,false,0,-107,[6],7]],[0,"b28bnXJUlFM6rWAyfosLmP",1],[5,244,244],[0.5,511,0,0,0,0,1,1,1,1]],[1,"New Sprite(Splash) copy",3,[[2,false,0,-108,[8],9]],[0,"95FOZBbjVDTIxwmlAHaKl1",1],[5,244,244],[254.5,511,0,0,0,0,1,1,1,1]],[1,"New Sprite(Splash) copy",3,[[2,false,0,-109,[10],11]],[0,"0favT8LHpOUocCoZgZuEkp",1],[5,244,244],[508.5,511,0,0,0,0,1,1,1,1]],[1,"New Sprite(Splash) copy",3,[[2,false,0,-110,[12],13]],[0,"75qCnI+7NEW5ANKaimc7bx",1],[5,244,244],[-507.5,257,0,0,0,0,1,1,1,1]],[1,"New Sprite(Splash) copy",3,[[2,false,0,-111,[14],15]],[0,"edN9h8b35KyYw9Q5BrKjc+",1],[5,244,244],[-253.5,257,0,0,0,0,1,1,1,1]],[1,"New Sprite(Splash) copy",3,[[2,false,0,-112,[16],17]],[0,"8btcpHzGdB6Kp+uMYvViD2",1],[5,244,244],[0.5,257,0,0,0,0,1,1,1,1]],[1,"New Sprite(Splash) copy",3,[[2,false,0,-113,[18],19]],[0,"107AaSJ89Bp4DuVPzM4T3M",1],[5,244,244],[254.5,257,0,0,0,0,1,1,1,1]],[1,"New Sprite(Splash) copy",3,[[2,false,0,-114,[20],21]],[0,"20hH5CB8ZKcYhftxTGY1x6",1],[5,244,244],[508.5,257,0,0,0,0,1,1,1,1]],[1,"New Sprite(Splash) copy",3,[[2,false,0,-115,[22],23]],[0,"ca+8ohSO1Kp4DiVXIvnWMd",1],[5,244,244],[-507.5,3,0,0,0,0,1,1,1,1]],[1,"New Sprite(Splash) copy",3,[[2,false,0,-116,[24],25]],[0,"1fjtHQU8xH3atXgRefwqE3",1],[5,244,244],[-253.5,3,0,0,0,0,1,1,1,1]],[1,"New Sprite(Splash) copy",3,[[2,false,0,-117,[26],27]],[0,"2aeK00wu1IKbURHcx77Wkr",1],[5,244,244],[0.5,3,0,0,0,0,1,1,1,1]],[1,"New Sprite(Splash) copy",3,[[2,false,0,-118,[28],29]],[0,"ed1IFIlkBFoYF5rABkYLyH",1],[5,244,244],[254.5,3,0,0,0,0,1,1,1,1]],[1,"New Sprite(Splash) copy",3,[[2,false,0,-119,[30],31]],[0,"c8jRwLplJJP4ukUGHEOq4t",1],[5,244,244],[508.5,3,0,0,0,0,1,1,1,1]],[1,"New Sprite(Splash) copy",3,[[2,false,0,-120,[32],33]],[0,"c4/FbjlKxNXLTx6Gvan7p4",1],[5,244,244],[-507.5,-251,0,0,0,0,1,1,1,1]],[1,"New Sprite(Splash) copy",3,[[2,false,0,-121,[34],35]],[0,"3bbnpYbupAErI3VEfF3G8j",1],[5,244,244],[-253.5,-251,0,0,0,0,1,1,1,1]],[1,"New Sprite(Splash) copy",3,[[2,false,0,-122,[36],37]],[0,"9e0LYxpGZBqIRzezDvezpc",1],[5,244,244],[0.5,-251,0,0,0,0,1,1,1,1]],[1,"New Sprite(Splash) copy",3,[[2,false,0,-123,[38],39]],[0,"8egLE5PBZM5bhM5SsqP574",1],[5,244,244],[254.5,-251,0,0,0,0,1,1,1,1]],[1,"New Sprite(Splash) copy",3,[[2,false,0,-124,[40],41]],[0,"efNxb2/nlNtYG/GgUel0pH",1],[5,244,244],[508.5,-251,0,0,0,0,1,1,1,1]],[1,"New Sprite(Splash) copy",3,[[2,false,0,-125,[42],43]],[0,"dbeY3GK9VOKauspfz8LOGf",1],[5,244,244],[-507.5,-505,0,0,0,0,1,1,1,1]],[1,"New Sprite(Splash) copy",3,[[2,false,0,-126,[44],45]],[0,"f9BNFiaBBPAqG5vnkK10l7",1],[5,244,244],[-253.5,-505,0,0,0,0,1,1,1,1]],[1,"New Sprite(Splash) copy",3,[[2,false,0,-127,[46],47]],[0,"7b+rk4dZ5O3pBa6OUpYZZy",1],[5,244,244],[0.5,-505,0,0,0,0,1,1,1,1]],[1,"New Sprite(Splash) copy",3,[[2,false,0,-128,[48],49]],[0,"2627ZiKDVON57CaUeZKaCY",1],[5,244,244],[254.5,-505,0,0,0,0,1,1,1,1]],[1,"New Sprite(Splash) copy",3,[[2,false,0,-129,[50],51]],[0,"c8ErnKFeZK/YhF6O7RW0ix",1],[5,244,244],[508.5,-505,0,0,0,0,1,1,1,1]],[1,"New Sprite(Splash)",2,[[2,false,0,-130,[54],55]],[0,"7d1wNbfC5C8oe0tp3yv/uE",1],[5,286,286],[-739.5,743.5,0,0,0,0,1,1,1,1]],[1,"New Sprite(Splash) copy",2,[[2,false,0,-131,[56],57]],[0,"5dLRKhu/BBbpXpkOlap1b+",1],[5,286,286],[-442.5,743.5,0,0,0,0,1,1,1,1]],[1,"New Sprite(Splash) copy",2,[[2,false,0,-132,[58],59]],[0,"91N4BXyr1FHoLAHQlGSNeS",1],[5,286,286],[-145.5,743.5,0,0,0,0,1,1,1,1]],[1,"New Sprite(Splash) copy",2,[[2,false,0,-133,[60],61]],[0,"c7AlxWxL5PSp5pLGW84d4q",1],[5,286,286],[151.5,743.5,0,0,0,0,1,1,1,1]],[1,"New Sprite(Splash) copy",2,[[2,false,0,-134,[62],63]],[0,"5dnqYZtYNGqbfQBD47bc29",1],[5,286,286],[448.5,743.5,0,0,0,0,1,1,1,1]],[1,"New Sprite(Splash) copy",2,[[2,false,0,-135,[64],65]],[0,"260laj41RLLIn9wAWcaG8N",1],[5,286,286],[745.5,743.5,0,0,0,0,1,1,1,1]],[1,"New Sprite(Splash) copy",2,[[2,false,0,-136,[66],67]],[0,"c7P2g5fEBPRKUUSDwZcRzA",1],[5,286,286],[-739.5,446.5,0,0,0,0,1,1,1,1]],[1,"New Sprite(Splash) copy",2,[[2,false,0,-137,[68],69]],[0,"8fD5M8IBtIxoPiEMHS013d",1],[5,286,286],[-442.5,446.5,0,0,0,0,1,1,1,1]],[1,"New Sprite(Splash) copy",2,[[2,false,0,-138,[70],71]],[0,"4cnqzxS45HPat1ApJ089Zc",1],[5,286,286],[-145.5,446.5,0,0,0,0,1,1,1,1]],[1,"New Sprite(Splash) copy",2,[[2,false,0,-139,[72],73]],[0,"cbFc27pZxLw4NEZnZq9j+0",1],[5,286,286],[151.5,446.5,0,0,0,0,1,1,1,1]],[1,"New Sprite(Splash) copy",2,[[2,false,0,-140,[74],75]],[0,"4dWEhdDBdFOb7z8/J7woW6",1],[5,286,286],[448.5,446.5,0,0,0,0,1,1,1,1]],[1,"New Sprite(Splash) copy",2,[[2,false,0,-141,[76],77]],[0,"3aB5LkynFD15dZe7hGmwZf",1],[5,286,286],[745.5,446.5,0,0,0,0,1,1,1,1]],[1,"New Sprite(Splash) copy",2,[[2,false,0,-142,[78],79]],[0,"dfme0JgG5Ij7UNvjNEfA25",1],[5,286,286],[-739.5,149.5,0,0,0,0,1,1,1,1]],[1,"New Sprite(Splash) copy",2,[[2,false,0,-143,[80],81]],[0,"11i9fpVKhLoI+0SuCv/Omd",1],[5,286,286],[-442.5,149.5,0,0,0,0,1,1,1,1]],[1,"New Sprite(Splash) copy",2,[[2,false,0,-144,[82],83]],[0,"9f5XpFtXVN352av07pGTF/",1],[5,286,286],[-145.5,149.5,0,0,0,0,1,1,1,1]],[1,"New Sprite(Splash) copy",2,[[2,false,0,-145,[84],85]],[0,"f0/QKW+05Pw4KZRupIJjP+",1],[5,286,286],[151.5,149.5,0,0,0,0,1,1,1,1]],[1,"New Sprite(Splash) copy",2,[[2,false,0,-146,[86],87]],[0,"30DWPy2whBvLIVymGs6Ng3",1],[5,286,286],[448.5,149.5,0,0,0,0,1,1,1,1]],[1,"New Sprite(Splash) copy",2,[[2,false,0,-147,[88],89]],[0,"8aKu4VrlBH5btiH7s724gr",1],[5,286,286],[745.5,149.5,0,0,0,0,1,1,1,1]],[1,"New Sprite(Splash) copy",2,[[2,false,0,-148,[90],91]],[0,"96AX3pB5lISJi0/Q1swvJ/",1],[5,286,286],[-739.5,-147.5,0,0,0,0,1,1,1,1]],[1,"New Sprite(Splash) copy",2,[[2,false,0,-149,[92],93]],[0,"16U7nGtBxNPqhwozgrdomJ",1],[5,286,286],[-442.5,-147.5,0,0,0,0,1,1,1,1]],[1,"New Sprite(Splash) copy",2,[[2,false,0,-150,[94],95]],[0,"08gAZ6LyFGtYWeiFliy+2I",1],[5,286,286],[-145.5,-147.5,0,0,0,0,1,1,1,1]],[1,"New Sprite(Splash) copy",2,[[2,false,0,-151,[96],97]],[0,"6ctsqL4iFBtK7edjYbpwg5",1],[5,286,286],[151.5,-147.5,0,0,0,0,1,1,1,1]],[1,"New Sprite(Splash) copy",2,[[2,false,0,-152,[98],99]],[0,"feWcHsnjBIHonr5cRgEuQl",1],[5,286,286],[448.5,-147.5,0,0,0,0,1,1,1,1]],[1,"New Sprite(Splash) copy",2,[[2,false,0,-153,[100],101]],[0,"7fAQL35f5AoJJgWMFxuPeJ",1],[5,286,286],[745.5,-147.5,0,0,0,0,1,1,1,1]],[1,"New Sprite(Splash) copy",2,[[2,false,0,-154,[102],103]],[0,"34a7+Z0TZBQ6QvLNMlP/qQ",1],[5,286,286],[-739.5,-444.5,0,0,0,0,1,1,1,1]],[1,"New Sprite(Splash) copy",2,[[2,false,0,-155,[104],105]],[0,"14JlChlsdDgJLsbDi9DNsj",1],[5,286,286],[-442.5,-444.5,0,0,0,0,1,1,1,1]],[1,"New Sprite(Splash) copy",2,[[2,false,0,-156,[106],107]],[0,"c6YEVOdHhG8bH/85f0ILr2",1],[5,286,286],[-145.5,-444.5,0,0,0,0,1,1,1,1]],[1,"New Sprite(Splash) copy",2,[[2,false,0,-157,[108],109]],[0,"71Lx0xtwRLqIvL/1HIrfxP",1],[5,286,286],[151.5,-444.5,0,0,0,0,1,1,1,1]],[1,"New Sprite(Splash) copy",2,[[2,false,0,-158,[110],111]],[0,"d8zmAWYzZBlqfKovJo4QZi",1],[5,286,286],[448.5,-444.5,0,0,0,0,1,1,1,1]],[1,"New Sprite(Splash) copy",2,[[2,false,0,-159,[112],113]],[0,"2cBZWL8/BIlJk2Ttwur2Jb",1],[5,286,286],[745.5,-444.5,0,0,0,0,1,1,1,1]],[1,"New Sprite(Splash) copy",2,[[2,false,0,-160,[114],115]],[0,"158IcUmHBBrbb1ImBj/xOE",1],[5,286,286],[-739.5,-741.5,0,0,0,0,1,1,1,1]],[1,"New Sprite(Splash) copy",2,[[2,false,0,-161,[116],117]],[0,"f1KYvqnRBLfatu4MwUB7jE",1],[5,286,286],[-442.5,-741.5,0,0,0,0,1,1,1,1]],[1,"New Sprite(Splash) copy",2,[[2,false,0,-162,[118],119]],[0,"33LdFilFlGQpOtva9l9KRR",1],[5,286,286],[-145.5,-741.5,0,0,0,0,1,1,1,1]],[1,"New Sprite(Splash) copy",2,[[2,false,0,-163,[120],121]],[0,"86mOagBO5KF4l6KoYVG3dr",1],[5,286,286],[151.5,-741.5,0,0,0,0,1,1,1,1]],[1,"New Sprite(Splash) copy",2,[[2,false,0,-164,[122],123]],[0,"cfv9HORspIiJhREH8Yov36",1],[5,286,286],[448.5,-741.5,0,0,0,0,1,1,1,1]],[1,"New Sprite(Splash) copy",2,[[2,false,0,-165,[124],125]],[0,"c9NdRgbYVOmYqteewwfCBF",1],[5,286,286],[745.5,-741.5,0,0,0,0,1,1,1,1]],[1,"ip-jianjian",4,[[3,-166,[128],129]],[0,"35uSBbiVBDpbbVVxdLUL/O",1],[5,598,564],[-592.943,-354.348,0,0,0,0,1,1,1,1]],[22,"_lb_title",5,[-167],[0,"e3yaVdWz9Ifo+X3iXlbEvu",5],[4,4287593851],[5,135,56.7],[0,0,0.5],[50,0,0,0,0,0,1,1,1,1]],[32,"题干。",45,45,false,1,1,76,[132]]],0,[0,4,1,0,0,1,0,0,1,0,0,1,0,-1,4,0,0,2,0,-1,39,0,-2,40,0,-3,41,0,-4,42,0,-5,43,0,-6,44,0,-7,45,0,-8,46,0,-9,47,0,-10,48,0,-11,49,0,-12,50,0,-13,51,0,-14,52,0,-15,53,0,-16,54,0,-17,55,0,-18,56,0,-19,57,0,-20,58,0,-21,59,0,-22,60,0,-23,61,0,-24,62,0,-25,63,0,-26,64,0,-27,65,0,-28,66,0,-29,67,0,-30,68,0,-31,69,0,-32,70,0,-33,71,0,-34,72,0,-35,73,0,-36,74,0,0,3,0,-1,14,0,-2,15,0,-3,16,0,-4,17,0,-5,18,0,-6,19,0,-7,20,0,-8,21,0,-9,22,0,-10,23,0,-11,24,0,-12,25,0,-13,26,0,-14,27,0,-15,28,0,-16,29,0,-17,30,0,-18,31,0,-19,32,0,-20,33,0,-21,34,0,-22,35,0,-23,36,0,-24,37,0,-25,38,0,5,10,0,6,8,0,7,77,0,-1,6,0,-2,7,0,0,4,0,-1,13,0,-2,6,0,-3,7,0,-4,75,0,-5,5,0,-6,8,0,4,5,0,0,5,0,0,5,0,0,5,0,-1,11,0,-2,76,0,0,6,0,3,6,0,3,6,0,0,7,0,3,7,0,3,7,0,-1,12,0,-2,9,0,0,9,0,0,9,0,-1,10,0,0,10,0,0,10,0,0,11,0,0,11,0,0,12,0,0,12,0,0,13,0,0,14,0,0,15,0,0,16,0,0,17,0,0,18,0,0,19,0,0,20,0,0,21,0,0,22,0,0,23,0,0,24,0,0,25,0,0,26,0,0,27,0,0,28,0,0,29,0,0,30,0,0,31,0,0,32,0,0,33,0,0,34,0,0,35,0,0,36,0,0,37,0,0,38,0,0,39,0,0,40,0,0,41,0,0,42,0,0,43,0,0,44,0,0,45,0,0,46,0,0,47,0,0,48,0,0,49,0,0,50,0,0,51,0,0,52,0,0,53,0,0,54,0,0,55,0,0,56,0,0,57,0,0,58,0,0,59,0,0,60,0,0,61,0,0,62,0,0,63,0,0,64,0,0,65,0,0,66,0,0,67,0,0,68,0,0,69,0,0,70,0,0,71,0,0,72,0,0,73,0,0,74,0,0,75,0,-1,77,0,8,1,2,3,7,3,3,6,167],[0,0,0,0,0,0,0,0,0,0,0,0,0,0,0,0,0,0,0,0,0,0,0,0,0,0,0,0,0,0,0,0,0,0,0,0,0,0,0,0,0,0,0,0,0,0,0,0,0,0,0,0,0,0,0,0,0,0,0,0,0,0,0,0,0,0,0,0,0,0,0,0,0,0,0,0,0,0,0,0,0,0,0,0,0,0,0,0,0,0,0,0,0,0,0,0,0,0,0,0,0,0,0,0,0,0,0,0,0,0,0,0,0,0,0,0,0,0,0,0,0,0,0,0,0,0,0,0,0,0,0,0,0,0,0,0,0,0,0,0,0,0,0,77],[-1,1,-1,1,-1,1,-1,1,-1,1,-1,1,-1,1,-1,1,-1,1,-1,1,-1,1,-1,1,-1,1,-1,1,-1,1,-1,1,-1,1,-1,1,-1,1,-1,1,-1,1,-1,1,-1,1,-1,1,-1,1,-1,1,-1,1,-1,1,-1,1,-1,1,-1,1,-1,1,-1,1,-1,1,-1,1,-1,1,-1,1,-1,1,-1,1,-1,1,-1,1,-1,1,-1,1,-1,1,-1,1,-1,1,-1,1,-1,1,-1,1,-1,1,-1,1,-1,1,-1,1,-1,1,-1,1,-1,1,-1,1,-1,1,-1,1,-1,1,-1,1,-1,1,-1,1,-1,1,-1,1,-1,9,-1,-1,1,-1,1,-1,1,-1,1,10,-1,11],[0,3,0,1,0,1,0,1,0,1,0,1,0,1,0,1,0,1,0,1,0,1,0,1,0,1,0,1,0,1,0,1,0,1,0,1,0,1,0,1,0,1,0,1,0,1,0,1,0,1,0,1,0,4,0,1,0,1,0,1,0,1,0,1,0,1,0,1,0,1,0,1,0,1,0,1,0,1,0,1,0,1,0,1,0,1,0,1,0,1,0,1,0,1,0,1,0,1,0,1,0,1,0,1,0,1,0,1,0,1,0,1,0,1,0,1,0,1,0,1,0,1,0,1,0,1,0,5,0,6,7,8,0,0,9,0,10,0,11,0,12,13,0,14]],[[{"name":"btn_submit_disabled","rect":[1,1,141,141],"offset":[-0.5,0.5],"originalSize":[144,144],"capInsets":[0,0,0,0]}],[1],0,[0],[2],[15]],[[{"name":"btn_submit","rect":[1,1,141,141],"offset":[0,0],"originalSize":[143,143],"capInsets":[0,0,0,0]}],[1],0,[0],[2],[16]],[[{"name":"ip-jianjian","rect":[0,0,598,564],"offset":[0,0],"originalSize":[598,564],"capInsets":[0,0,0,0]}],[1],0,[0],[2],[17]],[[{"name":"btn_return","rect":[1,1,134,134],"offset":[-0.5,0.5],"originalSize":[137,137],"capInsets":[0,0,0,0]}],[1],0,[0],[2],[18]],[[{"name":"img_6_6biaoge","rect":[0,0,1876,1862],"offset":[0,0],"originalSize":[1876,1862],"capInsets":[0,0,0,0]}],[1],0,[0],[2],[19]],[[{"name":"bg_mianan","rect":[0,0,2048,1152],"offset":[0,0],"originalSize":[2048,1152],"capInsets":[0,0,0,0]}],[1],0,[0],[2],[20]]]]