[1,["ecpdLyjvZBwrvm+cedCcQy","a2MjXRFdtLlYQ5ouAFv/+R","dc7YmlGrlOZYA8oFOnAJk5","dbzQxJKENAYZKMGg/0hZzS","00e4DI/wlKX6qlsQHRfLqo","d3cIGXjnZFuYtQ1FA8tscC","b1ByNnlzFKk5VrYOPiyNyO","7a/QZLET9IDreTiBfRn2PD","d5ul8M6vpKEpuc981aVRYt","47t8O2AQJMm5ti7zYMym9W","beHuHd5A1MpbCyOtd/y3P9","47h+uEsVRIIbx5C06wxvNr","6akWtVG99E+pbyUVBjn0+w","20Bd6K5pxOhbzKJM/cNGLA","267bpFcDJJuqKXF1oakmjB","eaSyVIodNGjY8JIwDYLd6S","8c20Sso/ZEn7NUfNSM+EBh","254gRKuq5HuJpLT2P6Q5GQ","acyiDWCYNGfItmbpQe7VzS","6eBWFz0oVHPLIGQKf/9Thu","34fiXw7WVKLqJb+LJyMxQC","a1QGhClONO066OqPeyF6f8","23X6QW08BPTryYm2PqpAqy","a4nSUj/MND96t5etO/gu9B"],["node","_spriteFrame","_textureSetter","_parent","root","mm","camera","captureNode","videoPlayer","btn_submit_disabled","btn_node","tigan","data","_N$skeletonData","role_prefab","_N$file","_clip"],[["cc.Node",["_name","_active","_prefab","_contentSize","_parent","_components","_children","_trs","_anchorPoint"],1,4,5,1,9,2,7,5],"cc.SpriteFrame",["cc.Node",["_name","_active","_parent","_components","_prefab","_contentSize","_trs","_color","_anchorPoint"],1,1,2,4,5,7,5,5],["cc.Sprite",["_sizeMode","_type","_enabled","node","_materials","_spriteFrame"],0,1,3,6],["cc.PrefabInfo",["fileId","root"],2,1],["cc.Layout",["_N$layoutType","_N$paddingLeft","_N$spacingX","_N$paddingTop","_N$spacingY","_resize","_N$paddingRight","node","_layoutSize"],-4,1,5],["cc.TTFFont",["_name","_native"],1],["cc.Prefab",["_name"],2],["cc.Node",["_name","_active","_parent","_children","_components","_prefab","_contentSize","_trs"],1,1,12,9,4,5,7],["246c2OOkGlKHoa6ZJOVEHI+",["node"],3,1],["cc.Mask",["_N$alphaThreshold","node","_materials"],2,1,3],["cc.BlockInputEvents",["node"],3,1],["f73c56FnmVJYpv47A7O8GFZ",["node","geziType","tigan","btn_node","btn_submit_disabled","videoPlayer","captureNode","camera","mm","role_prefab"],3,1,2,1,1,1,1,1,1,1,6],["cc.Widget",["_alignFlags","_left","_top","node"],0,1],["219dc1rDTJCjYWJhJNQFxIJ",["needScale","node","touchEndEvents"],2,1,9],["cc.ClickEvent",["_componentId","handler","target"],1,1],["sp.Skeleton",["defaultSkin","_preCacheMode","node","_materials","_N$skeletonData"],1,1,3,6],["cc.Button",["node"],3,1],["cc.Label",["_string","_fontSize","_lineHeight","_isSystemFontUsed","_N$horizontalAlign","_N$verticalAlign","node","_materials"],-3,1,3],["cc.VideoPlayer",["_resourceType","node"],2,1],["cc.Camera",["_depth","_nearClip","node"],1,1],["cc.Asset",["_name","_native"],1]],[[4,0,1,2],[0,0,4,5,2,3,7,2],[3,2,0,3,4,5,3],[3,3,4,5,1],[0,0,6,5,2,3,7,2],[0,0,4,2,7,2],[0,0,4,5,2,3,2],[0,0,1,4,5,2,3,7,3],[8,0,1,2,3,4,5,6,7,3],[11,0,1],[5,0,1,3,2,4,7,8,6],[14,0,1,2,2],[15,0,1,2,3],[6,0,1,3],[7,0,2],[0,0,6,5,2,3,2],[0,0,4,6,5,2,3,2],[0,0,1,4,6,5,2,3,8,7,3],[0,0,4,2,3,2],[0,0,4,2,3,7,2],[0,0,1,4,6,2,3],[0,0,4,6,5,2,3,7,2],[0,0,4,6,2,3,2],[2,0,2,3,4,7,5,8,6,2],[2,0,2,3,4,5,2],[2,0,1,2,3,4,5,3],[2,0,2,3,4,6,2],[9,0,1],[10,0,1,2,2],[4,1,1],[5,5,0,1,6,2,7,8,6],[12,0,1,2,3,4,5,6,7,8,9,1],[3,1,0,3,4,5,3],[3,0,3,4,2],[13,0,1,2,3,4],[16,0,1,2,3,4,3],[17,0,1],[18,0,1,2,3,4,5,6,7,7],[19,0,1,2],[20,0,1,2,3],[21,0,1,3]],[[[{"name":"img_5_5biaoge","rect":[0,0,1372,1371],"offset":[0,0],"originalSize":[1372,1371],"capInsets":[0,0,0,0]}],[1],0,[0],[2],[2]],[[[13,"FZY4JW","FZY4JW.ttf"],-1],0,0,[],[],[]],[[[14,"GamePanel"],[15,"GamePanel",[-5],[[27,-2],[28,0,-3,[143]],[9,-4]],[29,-1],[5,2048,1152]],[4,"gezi",[-7,-8,-9,-10,-11,-12,-13,-14,-15,-16,-17,-18,-19,-20,-21,-22,-23,-24,-25,-26,-27,-28,-29,-30,-31,-32,-33,-34,-35,-36,-37,-38,-39,-40,-41,-42],[[10,3,10,2,11,11,-6,[5,1785,1777]]],[0,"2acyddtqZO8aZNKnZUD8A0",1],[5,1785,1777],[0,-1,0,0,0,0,1,1,1,1]],[4,"gezi",[-44,-45,-46,-47,-48,-49,-50,-51,-52,-53,-54,-55,-56,-57,-58,-59,-60,-61,-62,-63,-64,-65,-66,-67,-68],[[10,3,10,2,10,10,-43,[5,1379,1370]]],[0,"05ceQU211LN6iHkUJT8ayp",1],[5,1279,1270],[0,-1,0,0,0,0,1,1,1,1]],[16,"GameUI",1,[-79,-80,-81,-82,-83,-84,-85,-86,-87],[[31,-78,[-76,-77],-75,-74,-73,-72,-71,-70,-69,142]],[0,"3bb6hihVtOmKPD1CXXaObN",1],[5,2048,1152]],[17,"titleBoard",false,4,[-92,-93],[[32,1,0,-89,[133],134],[30,1,1,50,50,15,-90,[5,215,122]],[34,9,40,40,-91]],[0,"b9Ry3owhhBnLnPF5bUVqZx",-88],[5,215,122],[0,0,0.5],[-984,475,0,0,0,0,1,1,1,1]],[8,"img_5_5biaoge",false,4,[[[18,"draw_node",-95,[0,"b5O3PqO3NHv7AEwVImW7PA",1],[5,1279,1270]],3,[5,"role_node",-96,[0,"22TUunMXdPhaH139eprgRw",1],[0,-1,0,0,0,0,1,1,1,1]]],4,1,4],[[3,-94,[52],53]],[0,"e0wuS+kVxPXJdjDWoTBLGM",1],[5,1372,1371],[210.246,-51.971,0,0,0,0,1,0.6,0.6,1]],[8,"img_6_6biaoge",false,4,[[[19,"draw_node",-98,[0,"aejpzbUV1EsaWUH79Tex6m",1],[5,1785,1777],[0,-3,0,0,0,0,1,1,1,1]],2,[5,"role_node",-99,[0,"d04wf6Y5FNb62zs5ES46QQ",1],[0,-1,0,0,0,0,1,1,1,1]]],4,1,4],[[3,-97,[126],127]],[0,"f5Rz4kC+VFWZjYOflDScZ8",1],[5,1876,1862],[186.623,-47.246,0,0,0,0,1,0.5,0.5,1]],[20,"btn_node",false,4,[-100,-101],[0,"6bmLYasYZB6pakr2+RGJ/s",1]],[21,"btn_submit",8,[-104],[[3,-102,[139],140],[11,true,-103,[[12,"f73c56FnmVJYpv47A7O8GFZ","onClickSubmit",4]]]],[0,"902bCpB9hCc4CxusJ/zV2o",1],[5,141,141],[796.102,-432.305,0,0,0,0,1,1,1,1]],[6,"btn_submit_disabled",9,[[3,-105,[137],138],[9,-106]],[0,"1aD7f3Tx9DKYOakGcyd7jN",1],[5,141,141]],[7,"_sp_laba",false,5,[[35,"default",0,-107,[130],131],[36,-108]],[0,"26O4Mu5dhMV5zXLCJDYu/0",5],[5,112,112],[62,0,0,0,0,0,1,1,1,1]],[1,"btn_return",8,[[3,-109,[135],136],[11,true,-110,[[12,"f73c56FnmVJYpv47A7O8GFZ","onClickReset",4]]]],[0,"9292VsbHJNk6V5NYXTW43w",1],[5,134,134],[793.739,-266.942,0,0,0,0,1,1,1,1]],[22,"New Node",4,[-111],[0,"c61Hs7VAND/pY8cFW21iJF",1],[5,2048,1152]],[6,"bg",4,[[3,-112,[0],1]],[0,"b4HvrwvOtHZou7N4q68jfo",1],[5,2048,1152]],[1,"New Sprite(Splash)",3,[[2,false,0,-113,[2],3]],[0,"adpr5+XltMoI4lCkAjjTHA",1],[5,244,244],[-507.5,511,0,0,0,0,1,1,1,1]],[1,"New Sprite(Splash) copy",3,[[2,false,0,-114,[4],5]],[0,"60YiZAoxpFd7TmhuLBmhsR",1],[5,244,244],[-253.5,511,0,0,0,0,1,1,1,1]],[1,"New Sprite(Splash) copy",3,[[2,false,0,-115,[6],7]],[0,"b28bnXJUlFM6rWAyfosLmP",1],[5,244,244],[0.5,511,0,0,0,0,1,1,1,1]],[1,"New Sprite(Splash) copy",3,[[2,false,0,-116,[8],9]],[0,"95FOZBbjVDTIxwmlAHaKl1",1],[5,244,244],[254.5,511,0,0,0,0,1,1,1,1]],[1,"New Sprite(Splash) copy",3,[[2,false,0,-117,[10],11]],[0,"0favT8LHpOUocCoZgZuEkp",1],[5,244,244],[508.5,511,0,0,0,0,1,1,1,1]],[1,"New Sprite(Splash) copy",3,[[2,false,0,-118,[12],13]],[0,"75qCnI+7NEW5ANKaimc7bx",1],[5,244,244],[-507.5,257,0,0,0,0,1,1,1,1]],[1,"New Sprite(Splash) copy",3,[[2,false,0,-119,[14],15]],[0,"edN9h8b35KyYw9Q5BrKjc+",1],[5,244,244],[-253.5,257,0,0,0,0,1,1,1,1]],[1,"New Sprite(Splash) copy",3,[[2,false,0,-120,[16],17]],[0,"8btcpHzGdB6Kp+uMYvViD2",1],[5,244,244],[0.5,257,0,0,0,0,1,1,1,1]],[1,"New Sprite(Splash) copy",3,[[2,false,0,-121,[18],19]],[0,"107AaSJ89Bp4DuVPzM4T3M",1],[5,244,244],[254.5,257,0,0,0,0,1,1,1,1]],[1,"New Sprite(Splash) copy",3,[[2,false,0,-122,[20],21]],[0,"20hH5CB8ZKcYhftxTGY1x6",1],[5,244,244],[508.5,257,0,0,0,0,1,1,1,1]],[1,"New Sprite(Splash) copy",3,[[2,false,0,-123,[22],23]],[0,"ca+8ohSO1Kp4DiVXIvnWMd",1],[5,244,244],[-507.5,3,0,0,0,0,1,1,1,1]],[1,"New Sprite(Splash) copy",3,[[2,false,0,-124,[24],25]],[0,"1fjtHQU8xH3atXgRefwqE3",1],[5,244,244],[-253.5,3,0,0,0,0,1,1,1,1]],[1,"New Sprite(Splash) copy",3,[[2,false,0,-125,[26],27]],[0,"2aeK00wu1IKbURHcx77Wkr",1],[5,244,244],[0.5,3,0,0,0,0,1,1,1,1]],[1,"New Sprite(Splash) copy",3,[[2,false,0,-126,[28],29]],[0,"ed1IFIlkBFoYF5rABkYLyH",1],[5,244,244],[254.5,3,0,0,0,0,1,1,1,1]],[1,"New Sprite(Splash) copy",3,[[2,false,0,-127,[30],31]],[0,"c8jRwLplJJP4ukUGHEOq4t",1],[5,244,244],[508.5,3,0,0,0,0,1,1,1,1]],[1,"New Sprite(Splash) copy",3,[[2,false,0,-128,[32],33]],[0,"c4/FbjlKxNXLTx6Gvan7p4",1],[5,244,244],[-507.5,-251,0,0,0,0,1,1,1,1]],[1,"New Sprite(Splash) copy",3,[[2,false,0,-129,[34],35]],[0,"3bbnpYbupAErI3VEfF3G8j",1],[5,244,244],[-253.5,-251,0,0,0,0,1,1,1,1]],[1,"New Sprite(Splash) copy",3,[[2,false,0,-130,[36],37]],[0,"9e0LYxpGZBqIRzezDvezpc",1],[5,244,244],[0.5,-251,0,0,0,0,1,1,1,1]],[1,"New Sprite(Splash) copy",3,[[2,false,0,-131,[38],39]],[0,"8egLE5PBZM5bhM5SsqP574",1],[5,244,244],[254.5,-251,0,0,0,0,1,1,1,1]],[1,"New Sprite(Splash) copy",3,[[2,false,0,-132,[40],41]],[0,"efNxb2/nlNtYG/GgUel0pH",1],[5,244,244],[508.5,-251,0,0,0,0,1,1,1,1]],[1,"New Sprite(Splash) copy",3,[[2,false,0,-133,[42],43]],[0,"dbeY3GK9VOKauspfz8LOGf",1],[5,244,244],[-507.5,-505,0,0,0,0,1,1,1,1]],[1,"New Sprite(Splash) copy",3,[[2,false,0,-134,[44],45]],[0,"f9BNFiaBBPAqG5vnkK10l7",1],[5,244,244],[-253.5,-505,0,0,0,0,1,1,1,1]],[1,"New Sprite(Splash) copy",3,[[2,false,0,-135,[46],47]],[0,"7b+rk4dZ5O3pBa6OUpYZZy",1],[5,244,244],[0.5,-505,0,0,0,0,1,1,1,1]],[1,"New Sprite(Splash) copy",3,[[2,false,0,-136,[48],49]],[0,"2627ZiKDVON57CaUeZKaCY",1],[5,244,244],[254.5,-505,0,0,0,0,1,1,1,1]],[1,"New Sprite(Splash) copy",3,[[2,false,0,-137,[50],51]],[0,"c8ErnKFeZK/YhF6O7RW0ix",1],[5,244,244],[508.5,-505,0,0,0,0,1,1,1,1]],[1,"New Sprite(Splash)",2,[[2,false,0,-138,[54],55]],[0,"7d1wNbfC5C8oe0tp3yv/uE",1],[5,286,286],[-739.5,743.5,0,0,0,0,1,1,1,1]],[1,"New Sprite(Splash) copy",2,[[2,false,0,-139,[56],57]],[0,"5dLRKhu/BBbpXpkOlap1b+",1],[5,286,286],[-442.5,743.5,0,0,0,0,1,1,1,1]],[1,"New Sprite(Splash) copy",2,[[2,false,0,-140,[58],59]],[0,"91N4BXyr1FHoLAHQlGSNeS",1],[5,286,286],[-145.5,743.5,0,0,0,0,1,1,1,1]],[1,"New Sprite(Splash) copy",2,[[2,false,0,-141,[60],61]],[0,"c7AlxWxL5PSp5pLGW84d4q",1],[5,286,286],[151.5,743.5,0,0,0,0,1,1,1,1]],[1,"New Sprite(Splash) copy",2,[[2,false,0,-142,[62],63]],[0,"5dnqYZtYNGqbfQBD47bc29",1],[5,286,286],[448.5,743.5,0,0,0,0,1,1,1,1]],[1,"New Sprite(Splash) copy",2,[[2,false,0,-143,[64],65]],[0,"260laj41RLLIn9wAWcaG8N",1],[5,286,286],[745.5,743.5,0,0,0,0,1,1,1,1]],[1,"New Sprite(Splash) copy",2,[[2,false,0,-144,[66],67]],[0,"c7P2g5fEBPRKUUSDwZcRzA",1],[5,286,286],[-739.5,446.5,0,0,0,0,1,1,1,1]],[1,"New Sprite(Splash) copy",2,[[2,false,0,-145,[68],69]],[0,"8fD5M8IBtIxoPiEMHS013d",1],[5,286,286],[-442.5,446.5,0,0,0,0,1,1,1,1]],[1,"New Sprite(Splash) copy",2,[[2,false,0,-146,[70],71]],[0,"4cnqzxS45HPat1ApJ089Zc",1],[5,286,286],[-145.5,446.5,0,0,0,0,1,1,1,1]],[1,"New Sprite(Splash) copy",2,[[2,false,0,-147,[72],73]],[0,"cbFc27pZxLw4NEZnZq9j+0",1],[5,286,286],[151.5,446.5,0,0,0,0,1,1,1,1]],[1,"New Sprite(Splash) copy",2,[[2,false,0,-148,[74],75]],[0,"4dWEhdDBdFOb7z8/J7woW6",1],[5,286,286],[448.5,446.5,0,0,0,0,1,1,1,1]],[1,"New Sprite(Splash) copy",2,[[2,false,0,-149,[76],77]],[0,"3aB5LkynFD15dZe7hGmwZf",1],[5,286,286],[745.5,446.5,0,0,0,0,1,1,1,1]],[1,"New Sprite(Splash) copy",2,[[2,false,0,-150,[78],79]],[0,"dfme0JgG5Ij7UNvjNEfA25",1],[5,286,286],[-739.5,149.5,0,0,0,0,1,1,1,1]],[1,"New Sprite(Splash) copy",2,[[2,false,0,-151,[80],81]],[0,"11i9fpVKhLoI+0SuCv/Omd",1],[5,286,286],[-442.5,149.5,0,0,0,0,1,1,1,1]],[1,"New Sprite(Splash) copy",2,[[2,false,0,-152,[82],83]],[0,"9f5XpFtXVN352av07pGTF/",1],[5,286,286],[-145.5,149.5,0,0,0,0,1,1,1,1]],[1,"New Sprite(Splash) copy",2,[[2,false,0,-153,[84],85]],[0,"f0/QKW+05Pw4KZRupIJjP+",1],[5,286,286],[151.5,149.5,0,0,0,0,1,1,1,1]],[1,"New Sprite(Splash) copy",2,[[2,false,0,-154,[86],87]],[0,"30DWPy2whBvLIVymGs6Ng3",1],[5,286,286],[448.5,149.5,0,0,0,0,1,1,1,1]],[1,"New Sprite(Splash) copy",2,[[2,false,0,-155,[88],89]],[0,"8aKu4VrlBH5btiH7s724gr",1],[5,286,286],[745.5,149.5,0,0,0,0,1,1,1,1]],[1,"New Sprite(Splash) copy",2,[[2,false,0,-156,[90],91]],[0,"96AX3pB5lISJi0/Q1swvJ/",1],[5,286,286],[-739.5,-147.5,0,0,0,0,1,1,1,1]],[1,"New Sprite(Splash) copy",2,[[2,false,0,-157,[92],93]],[0,"16U7nGtBxNPqhwozgrdomJ",1],[5,286,286],[-442.5,-147.5,0,0,0,0,1,1,1,1]],[1,"New Sprite(Splash) copy",2,[[2,false,0,-158,[94],95]],[0,"08gAZ6LyFGtYWeiFliy+2I",1],[5,286,286],[-145.5,-147.5,0,0,0,0,1,1,1,1]],[1,"New Sprite(Splash) copy",2,[[2,false,0,-159,[96],97]],[0,"6ctsqL4iFBtK7edjYbpwg5",1],[5,286,286],[151.5,-147.5,0,0,0,0,1,1,1,1]],[1,"New Sprite(Splash) copy",2,[[2,false,0,-160,[98],99]],[0,"feWcHsnjBIHonr5cRgEuQl",1],[5,286,286],[448.5,-147.5,0,0,0,0,1,1,1,1]],[1,"New Sprite(Splash) copy",2,[[2,false,0,-161,[100],101]],[0,"7fAQL35f5AoJJgWMFxuPeJ",1],[5,286,286],[745.5,-147.5,0,0,0,0,1,1,1,1]],[1,"New Sprite(Splash) copy",2,[[2,false,0,-162,[102],103]],[0,"34a7+Z0TZBQ6QvLNMlP/qQ",1],[5,286,286],[-739.5,-444.5,0,0,0,0,1,1,1,1]],[1,"New Sprite(Splash) copy",2,[[2,false,0,-163,[104],105]],[0,"14JlChlsdDgJLsbDi9DNsj",1],[5,286,286],[-442.5,-444.5,0,0,0,0,1,1,1,1]],[1,"New Sprite(Splash) copy",2,[[2,false,0,-164,[106],107]],[0,"c6YEVOdHhG8bH/85f0ILr2",1],[5,286,286],[-145.5,-444.5,0,0,0,0,1,1,1,1]],[1,"New Sprite(Splash) copy",2,[[2,false,0,-165,[108],109]],[0,"71Lx0xtwRLqIvL/1HIrfxP",1],[5,286,286],[151.5,-444.5,0,0,0,0,1,1,1,1]],[1,"New Sprite(Splash) copy",2,[[2,false,0,-166,[110],111]],[0,"d8zmAWYzZBlqfKovJo4QZi",1],[5,286,286],[448.5,-444.5,0,0,0,0,1,1,1,1]],[1,"New Sprite(Splash) copy",2,[[2,false,0,-167,[112],113]],[0,"2cBZWL8/BIlJk2Ttwur2Jb",1],[5,286,286],[745.5,-444.5,0,0,0,0,1,1,1,1]],[1,"New Sprite(Splash) copy",2,[[2,false,0,-168,[114],115]],[0,"158IcUmHBBrbb1ImBj/xOE",1],[5,286,286],[-739.5,-741.5,0,0,0,0,1,1,1,1]],[1,"New Sprite(Splash) copy",2,[[2,false,0,-169,[116],117]],[0,"f1KYvqnRBLfatu4MwUB7jE",1],[5,286,286],[-442.5,-741.5,0,0,0,0,1,1,1,1]],[1,"New Sprite(Splash) copy",2,[[2,false,0,-170,[118],119]],[0,"33LdFilFlGQpOtva9l9KRR",1],[5,286,286],[-145.5,-741.5,0,0,0,0,1,1,1,1]],[1,"New Sprite(Splash) copy",2,[[2,false,0,-171,[120],121]],[0,"86mOagBO5KF4l6KoYVG3dr",1],[5,286,286],[151.5,-741.5,0,0,0,0,1,1,1,1]],[1,"New Sprite(Splash) copy",2,[[2,false,0,-172,[122],123]],[0,"cfv9HORspIiJhREH8Yov36",1],[5,286,286],[448.5,-741.5,0,0,0,0,1,1,1,1]],[1,"New Sprite(Splash) copy",2,[[2,false,0,-173,[124],125]],[0,"c9NdRgbYVOmYqteewwfCBF",1],[5,286,286],[745.5,-741.5,0,0,0,0,1,1,1,1]],[7,"ip-jianjian",false,4,[[3,-174,[128],129]],[0,"35uSBbiVBDpbbVVxdLUL/O",1],[5,598,564],[-592.943,-354.348,0,0,0,0,1,1,1,1]],[23,"_lb_title",5,[-175],[0,"e3yaVdWz9Ifo+X3iXlbEvu",5],[4,4287593851],[5,135,56.7],[0,0,0.5],[50,0,0,0,0,0,1,1,1,1]],[37,"题干。",45,45,false,1,1,77,[132]],[24,"videoPlayer",4,[-176],[0,"92phLN95lPTbxxGEgXFs4Q",1],[5,2048,1152]],[38,1,79],[25,"captureNode",false,4,[-177],[0,"fbrLZ2llNCWKBJlFL9Nmtg",1],[5,2048,1152]],[33,0,81,[141]],[26,"New 2D Camera",13,[-178],[0,"78thr1wuZJgJS359FlN7/q",1],[0,0,554.2562584220408,0,0,0,1,1,1,1]],[39,1,0.1,83]],0,[0,4,1,0,0,1,0,0,1,0,0,1,0,-1,4,0,0,2,0,-1,40,0,-2,41,0,-3,42,0,-4,43,0,-5,44,0,-6,45,0,-7,46,0,-8,47,0,-9,48,0,-10,49,0,-11,50,0,-12,51,0,-13,52,0,-14,53,0,-15,54,0,-16,55,0,-17,56,0,-18,57,0,-19,58,0,-20,59,0,-21,60,0,-22,61,0,-23,62,0,-24,63,0,-25,64,0,-26,65,0,-27,66,0,-28,67,0,-29,68,0,-30,69,0,-31,70,0,-32,71,0,-33,72,0,-34,73,0,-35,74,0,-36,75,0,0,3,0,-1,15,0,-2,16,0,-3,17,0,-4,18,0,-5,19,0,-6,20,0,-7,21,0,-8,22,0,-9,23,0,-10,24,0,-11,25,0,-12,26,0,-13,27,0,-14,28,0,-15,29,0,-16,30,0,-17,31,0,-18,32,0,-19,33,0,-20,34,0,-21,35,0,-22,36,0,-23,37,0,-24,38,0,-25,39,0,5,13,0,6,84,0,7,82,0,8,80,0,9,10,0,10,8,0,11,78,0,-1,6,0,-2,7,0,0,4,0,-1,14,0,-2,6,0,-3,7,0,-4,76,0,-5,5,0,-6,8,0,-7,79,0,-8,81,0,-9,13,0,4,5,0,0,5,0,0,5,0,0,5,0,-1,11,0,-2,77,0,0,6,0,3,6,0,3,6,0,0,7,0,3,7,0,3,7,0,-1,12,0,-2,9,0,0,9,0,0,9,0,-1,10,0,0,10,0,0,10,0,0,11,0,0,11,0,0,12,0,0,12,0,-1,83,0,0,14,0,0,15,0,0,16,0,0,17,0,0,18,0,0,19,0,0,20,0,0,21,0,0,22,0,0,23,0,0,24,0,0,25,0,0,26,0,0,27,0,0,28,0,0,29,0,0,30,0,0,31,0,0,32,0,0,33,0,0,34,0,0,35,0,0,36,0,0,37,0,0,38,0,0,39,0,0,40,0,0,41,0,0,42,0,0,43,0,0,44,0,0,45,0,0,46,0,0,47,0,0,48,0,0,49,0,0,50,0,0,51,0,0,52,0,0,53,0,0,54,0,0,55,0,0,56,0,0,57,0,0,58,0,0,59,0,0,60,0,0,61,0,0,62,0,0,63,0,0,64,0,0,65,0,0,66,0,0,67,0,0,68,0,0,69,0,0,70,0,0,71,0,0,72,0,0,73,0,0,74,0,0,75,0,0,76,0,-1,78,0,-1,80,0,-1,82,0,-1,84,0,12,1,2,3,7,3,3,6,178],[0,0,0,0,0,0,0,0,0,0,0,0,0,0,0,0,0,0,0,0,0,0,0,0,0,0,0,0,0,0,0,0,0,0,0,0,0,0,0,0,0,0,0,0,0,0,0,0,0,0,0,0,0,0,0,0,0,0,0,0,0,0,0,0,0,0,0,0,0,0,0,0,0,0,0,0,0,0,0,0,0,0,0,0,0,0,0,0,0,0,0,0,0,0,0,0,0,0,0,0,0,0,0,0,0,0,0,0,0,0,0,0,0,0,0,0,0,0,0,0,0,0,0,0,0,0,0,0,0,0,0,0,0,0,0,0,0,0,0,0,0,0,0,0,78,80,82],[-1,1,-1,1,-1,1,-1,1,-1,1,-1,1,-1,1,-1,1,-1,1,-1,1,-1,1,-1,1,-1,1,-1,1,-1,1,-1,1,-1,1,-1,1,-1,1,-1,1,-1,1,-1,1,-1,1,-1,1,-1,1,-1,1,-1,1,-1,1,-1,1,-1,1,-1,1,-1,1,-1,1,-1,1,-1,1,-1,1,-1,1,-1,1,-1,1,-1,1,-1,1,-1,1,-1,1,-1,1,-1,1,-1,1,-1,1,-1,1,-1,1,-1,1,-1,1,-1,1,-1,1,-1,1,-1,1,-1,1,-1,1,-1,1,-1,1,-1,1,-1,1,-1,1,-1,1,-1,1,-1,1,-1,13,-1,-1,1,-1,1,-1,1,-1,1,-1,14,-1,15,16,1],[0,3,0,1,0,1,0,1,0,1,0,1,0,1,0,1,0,1,0,1,0,1,0,1,0,1,0,1,0,1,0,1,0,1,0,1,0,1,0,1,0,1,0,1,0,1,0,1,0,1,0,1,0,4,0,1,0,1,0,1,0,1,0,1,0,1,0,1,0,1,0,1,0,1,0,1,0,1,0,1,0,1,0,1,0,1,0,1,0,1,0,1,0,1,0,1,0,1,0,1,0,1,0,1,0,1,0,1,0,1,0,1,0,1,0,1,0,1,0,1,0,1,0,1,0,1,0,5,0,6,7,8,0,0,9,0,10,0,11,0,12,0,13,0,14,15,16]],[[{"name":"btn_submit_disabled","rect":[1,1,141,141],"offset":[-0.5,0.5],"originalSize":[144,144],"capInsets":[0,0,0,0]}],[1],0,[0],[2],[17]],[[{"name":"btn_submit","rect":[1,1,141,141],"offset":[0,0],"originalSize":[143,143],"capInsets":[0,0,0,0]}],[1],0,[0],[2],[18]],[[{"name":"default_sprite","rect":[0,2,40,36],"offset":[0,0],"originalSize":[40,40],"capInsets":[0,0,0,0]}],[1],0,[0],[2],[19]],[[{"name":"ip-jianjian","rect":[0,0,598,564],"offset":[0,0],"originalSize":[598,564],"capInsets":[0,0,0,0]}],[1],0,[0],[2],[20]],[[{"name":"btn_return","rect":[1,1,134,134],"offset":[-0.5,0.5],"originalSize":[137,137],"capInsets":[0,0,0,0]}],[1],0,[0],[2],[21]],[[{"name":"img_6_6biaoge","rect":[0,0,1876,1862],"offset":[0,0],"originalSize":[1876,1862],"capInsets":[0,0,0,0]}],[1],0,[0],[2],[22]],[[{"name":"bg_mianan","rect":[0,0,2048,1152],"offset":[0,0],"originalSize":[2048,1152],"capInsets":[0,0,0,0]}],[1],0,[0],[2],[23]],[[[40,"K1-J6动画2-1B-声音完成",".mp4"],-1],0,0,[],[],[]]]]