[1,["da6XXKEllLV71Kk+IY18gs","7a/QZLET9IDreTiBfRn2PD","ecpdLyjvZBwrvm+cedCcQy","a2MjXRFdtLlYQ5ouAFv/+R","0aCs4Y9d5CbriPJW8Wfx4U"],["node","root","role_skeleton","target","data","_spriteFrame","_N$skeletonData"],[["cc.PrefabInfo",["fileId","root"],2,1],["sp.SkeletonData",["_name","_atlasText","textureNames","_skeletonJson","textures"],-1,3],["cc.Prefab",["_name"],2],["cc.Node",["_name","_children","_components","_prefab","_contentSize"],2,2,9,4,5],["cc.Node",["_name","_parent","_components","_prefab","_contentSize","_trs"],2,1,2,4,5,7],["cc.Sprite",["_enabled","_sizeMode","node","_materials","_spriteFrame"],1,1,3,6],["821bakKSEpISIa9tDkLmEA5",["node","role_skeleton"],3,1,1],["219dc1rDTJCjYWJhJNQFxIJ",["needScale","node","touchEndEvents"],2,1,9],["cc.ClickEvent",["_componentId","handler","target"],1,1],["sp.Skeleton",["defaultSkin","defaultAnimation","_preCacheMode","_animationName","node","_materials"],-1,1,3]],[[1,0,1,2,3,4,5],[2,0,2],[3,0,1,2,3,4,2],[4,0,1,2,3,4,5,2],[5,0,1,2,3,4,3],[6,0,1,1],[7,0,1,2,2],[8,0,1,2,3],[0,1,1],[0,0,1,2],[9,0,1,2,3,4,5,5]],[[[[0,"heibai","\nheibai.png\nsize: 952,952\nformat: RGBA8888\nfilter: Linear,Linear\nrepeat: none\n1_caomeidangao\n  rotate: true\n  xy: 505, 7\n  size: 87, 111\n  orig: 87, 111\n  offset: 0, 0\n  index: -1\n2_caomeidangao_\n  rotate: true\n  xy: 505, 96\n  size: 132, 130\n  orig: 132, 130\n  offset: 0, 0\n  index: -1\neft_smoke1-1\n  rotate: false\n  xy: 2, 241\n  size: 267, 232\n  orig: 283, 232\n  offset: 8, 0\n  index: -1\neft_smoke1-2\n  rotate: false\n  xy: 2, 719\n  size: 283, 231\n  orig: 283, 232\n  offset: 0, 1\n  index: -1\neft_smoke1-3\n  rotate: false\n  xy: 287, 730\n  size: 270, 220\n  orig: 283, 232\n  offset: 9, 12\n  index: -1\neft_smoke1-4\n  rotate: true\n  xy: 498, 482\n  size: 246, 214\n  orig: 283, 232\n  offset: 19, 11\n  index: -1\neft_smoke1-5\n  rotate: false\n  xy: 261, 9\n  size: 242, 219\n  orig: 283, 232\n  offset: 25, 6\n  index: -1\neft_smoke1-6\n  rotate: false\n  xy: 559, 731\n  size: 248, 219\n  orig: 283, 232\n  offset: 20, 6\n  index: -1\neft_smoke2-1\n  rotate: false\n  xy: 271, 230\n  size: 243, 238\n  orig: 311, 254\n  offset: 41, 0\n  index: -1\neft_smoke2-2\n  rotate: true\n  xy: 271, 470\n  size: 247, 225\n  orig: 311, 254\n  offset: 39, 20\n  index: -1\neft_smoke2-3\n  rotate: false\n  xy: 2, 6\n  size: 257, 233\n  orig: 311, 254\n  offset: 35, 16\n  index: -1\neft_smoke2-4\n  rotate: false\n  xy: 2, 475\n  size: 267, 242\n  orig: 311, 254\n  offset: 30, 12\n  index: -1\neye-close\n  rotate: true\n  xy: 671, 139\n  size: 98, 22\n  orig: 98, 22\n  offset: 0, 0\n  index: -1\neye-cry\n  rotate: true\n  xy: 637, 131\n  size: 106, 32\n  orig: 106, 32\n  offset: 0, 0\n  index: -1\neye-happu\n  rotate: true\n  xy: 815, 41\n  size: 98, 19\n  orig: 98, 19\n  offset: 0, 0\n  index: -1\neye-jingya\n  rotate: false\n  xy: 809, 746\n  size: 101, 44\n  orig: 102, 44\n  offset: 1, 0\n  index: -1\neye-yanbai\n  rotate: true\n  xy: 875, 419\n  size: 101, 44\n  orig: 101, 44\n  offset: 0, 0\n  index: -1\neye-yanzhu\n  rotate: true\n  xy: 618, 6\n  size: 88, 29\n  orig: 88, 29\n  offset: 0, 0\n  index: -1\neyeborwL\n  rotate: false\n  xy: 287, 720\n  size: 25, 8\n  orig: 25, 8\n  offset: 0, 0\n  index: -1\neyeborwR\n  rotate: false\n  xy: 287, 720\n  size: 25, 8\n  orig: 25, 8\n  offset: 0, 0\n  index: -1\nimg_caomei\n  rotate: false\n  xy: 856, 209\n  size: 71, 77\n  orig: 71, 77\n  offset: 0, 0\n  index: -1\nimg_dangao\n  rotate: true\n  xy: 714, 522\n  size: 207, 200\n  orig: 207, 200\n  offset: 0, 0\n  index: -1\nimg_quqi\n  rotate: true\n  xy: 854, 288\n  size: 114, 76\n  orig: 114, 76\n  offset: 0, 0\n  index: -1\nimg_tangyuan\n  rotate: false\n  xy: 695, 21\n  size: 118, 118\n  orig: 118, 118\n  offset: 0, 0\n  index: -1\nimg_xiaodangao\n  rotate: true\n  xy: 516, 239\n  size: 241, 191\n  orig: 241, 191\n  offset: 0, 0\n  index: -1\nmouth-cry\n  rotate: true\n  xy: 912, 760\n  size: 30, 16\n  orig: 30, 16\n  offset: 0, 0\n  index: -1\nmouth-happy\n  rotate: true\n  xy: 637, 96\n  size: 33, 23\n  orig: 33, 23\n  offset: 0, 0\n  index: -1\nmouth-jingya\n  rotate: false\n  xy: 836, 120\n  size: 17, 19\n  orig: 17, 19\n  offset: 0, 0\n  index: -1\nmouth-normal\n  rotate: false\n  xy: 856, 145\n  size: 33, 23\n  orig: 33, 23\n  offset: 0, 0\n  index: -1\nrole1_pi\n  rotate: true\n  xy: 809, 792\n  size: 158, 121\n  orig: 158, 121\n  offset: 0, 0\n  index: -1\nrole2_xian\n  rotate: false\n  xy: 709, 141\n  size: 145, 123\n  orig: 145, 123\n  offset: 0, 0\n  index: -1\nrole3_bing\n  rotate: false\n  xy: 709, 266\n  size: 143, 136\n  orig: 144, 136\n  offset: 1, 0\n  index: -1\nrole4_naiyou\n  rotate: false\n  xy: 714, 404\n  size: 159, 116\n  orig: 159, 116\n  offset: 0, 0\n  index: -1\nsaihong\n  rotate: true\n  xy: 932, 818\n  size: 132, 14\n  orig: 132, 14\n  offset: 0, 0\n  index: -1\ntear\n  rotate: false\n  xy: 856, 170\n  size: 37, 37\n  orig: 37, 37\n  offset: 0, 0\n  index: -1\nwen\n  rotate: true\n  xy: 815, 2\n  size: 37, 40\n  orig: 37, 40\n  offset: 0, 0\n  index: -1\n",["heibai.png"],{"skeleton":{"hash":"YbPUbdwzI+iHHAOMKMVs9zYNOgw","spine":"3.8.75","x":-79,"y":-1.03,"width":158,"height":121,"images":"./images/","audio":""},"bones":[{"name":"root"},{"name":"role","parent":"root"},{"name":"body","parent":"role"},{"name":"face","parent":"body","y":60},{"name":"eye","parent":"face"},{"name":"saihong","parent":"face","y":-15},{"name":"mouth","parent":"face","y":-20},{"name":"eyeborw","parent":"face","y":42.59},{"name":"eyeborwR","parent":"eyeborw","rotation":153.98,"x":-24.83,"y":-9.47},{"name":"eyeborwL","parent":"eyeborw","x":26.06,"y":2.99},{"name":"yanbai","parent":"eye"},{"name":"yanzhu","parent":"eye"},{"name":"All","parent":"eye"},{"name":"tearR","parent":"face","x":-52.65,"y":-5.71},{"name":"wenhao","parent":"role","x":47.8,"y":145.71},{"name":"wenhao2","parent":"wenhao","rotation":-29.85,"x":9.08,"y":-10.99},{"name":"wenhao1","parent":"wenhao","rotation":-15.73,"x":-14.34,"y":-2.63,"scaleX":0.7,"scaleY":0.7},{"name":"tearR1","parent":"tearR","x":-18.15,"y":-17.1},{"name":"tearL","parent":"face","x":49.74,"y":-5.71,"scaleX":-1},{"name":"tearL1","parent":"tearL","x":-18.15,"y":-17.1},{"name":"eft_smoke","parent":"root"},{"name":"smoke","parent":"eft_smoke","y":47.73,"scaleX":1.1,"scaleY":1.1},{"name":"bone","parent":"root"}],"slots":[{"name":"role1_pi","bone":"body","attachment":"role1_pi"},{"name":"saihong","bone":"saihong","attachment":"saihong"},{"name":"eye-yanbai","bone":"yanbai","attachment":"eye-yanbai"},{"name":"eye-yanzhu","bone":"yanzhu","attachment":"eye-yanzhu"},{"name":"mouth-normal","bone":"mouth","attachment":"eyeborwR"},{"name":"tear1","bone":"tearR1"},{"name":"tear2","bone":"tearL1"},{"name":"eye-jingya","bone":"All"},{"name":"eyeborwL","bone":"eyeborwL"},{"name":"eyeborwR","bone":"eyeborwR"},{"name":"wen","bone":"wenhao2"},{"name":"wen2","bone":"wenhao1"},{"name":"eft_smoke1-1","bone":"smoke"},{"name":"1_caomeidangao","bone":"bone"},{"name":"2_caomeidangao_","bone":"root"},{"name":"img_caomei","bone":"root"},{"name":"img_dangao","bone":"root"},{"name":"img_tangyuan","bone":"root"},{"name":"img_quqi","bone":"root"},{"name":"img_xiaodangao","bone":"root"}],"skins":[{"name":"default","attachments":{"eye-yanbai":{"eye-yanbai":{"x":-1.22,"y":11.04,"width":101,"height":44}},"tear1":{"tear":{"x":2.45,"y":1.05,"width":37,"height":37}},"tear2":{"tear":{"x":2.45,"y":1.05,"width":37,"height":37}},"wen2":{"wen":{"y":21.15,"width":37,"height":40}},"eft_smoke1-1":{"eft_smoke1-1":{"width":283,"height":232},"eft_smoke1-2":{"width":283,"height":232},"eft_smoke1-3":{"width":283,"height":232},"eft_smoke1-4":{"width":283,"height":232},"eft_smoke1-5":{"width":283,"height":232},"eft_smoke1-6":{"width":283,"height":232},"eft_smoke2-1":{"width":311,"height":254},"eft_smoke2-2":{"width":311,"height":254},"eft_smoke2-3":{"width":311,"height":254},"eft_smoke2-4":{"width":311,"height":254}},"saihong":{"saihong":{"x":-1.72,"y":3.04,"width":132,"height":14}},"eye-jingya":{"eye-close":{"x":-1.72,"y":3.04,"width":98,"height":22},"eye-cry":{"x":-1.72,"y":3.04,"width":106,"height":32},"eye-happu":{"x":-2.72,"y":23.54,"width":98,"height":19},"eye-jingya":{"x":-1.72,"y":11.04,"width":102,"height":44}},"1_caomeidangao":{"1_caomeidangao":{"x":-1.31,"y":50.77,"width":87,"height":111},"2_caomeidangao_":{"x":-9.91,"y":40.29,"width":132,"height":130},"img_caomei":{"x":-7.59,"y":45.18,"scaleX":1.3512,"scaleY":1.3512,"width":71,"height":77},"img_dangao":{"x":0.86,"y":42.25,"scaleX":0.4865,"scaleY":0.4865,"width":207,"height":200},"img_quqi":{"x":-1.46,"y":43.38,"scaleX":1.3,"scaleY":1.3,"width":114,"height":76},"img_tangyuan":{"x":-1.5,"y":41.83,"scaleX":0.8,"scaleY":0.8,"width":118,"height":118},"img_xiaodangao":{"x":-9.27,"y":30.73,"scaleX":0.5,"scaleY":0.5,"width":241,"height":191}},"wen":{"wen":{"y":21.15,"width":37,"height":40}},"eye-yanzhu":{"eye-yanzhu":{"x":-1.72,"y":11.54,"width":88,"height":29}},"eyeborwL":{"eyeborwL":{"x":-0.28,"y":-2.54,"width":25,"height":8}},"mouth-normal":{"eyeborwR":{"x":-1.13,"y":-2.6,"scaleY":-1,"width":25,"height":8},"mouth-cry":{"x":-0.72,"y":-1.96,"width":30,"height":16},"mouth-happy":{"x":-2.22,"y":13.54,"width":33,"height":23},"mouth-jingya":{"x":-2.22,"y":6.54,"width":17,"height":19},"mouth-normal":{"x":-2.22,"y":-2.46,"width":33,"height":23}},"eyeborwR":{"eyeborwR":{"x":0.75,"y":-2.54,"width":25,"height":8}},"role1_pi":{"role1_pi":{"y":59.47,"width":158,"height":121},"role2_xian":{"y":61.16,"width":145,"height":123},"role3_bing":{"y":68.41,"width":144,"height":136},"role4_naiyou":{"x":-1.97,"y":58.49,"width":159,"height":116}}}}],"animations":{"1":{"slots":{"1_caomeidangao":{"attachment":[{"name":"1_caomeidangao"}]},"saihong":{"attachment":[{"name":null}]},"mouth-normal":{"attachment":[{"name":null}]},"role1_pi":{"attachment":[{"name":null}]},"eye-yanbai":{"attachment":[{"name":null}]},"eye-yanzhu":{"attachment":[{"name":null}]}}},"2":{"slots":{"1_caomeidangao":{"attachment":[{"name":"2_caomeidangao_"}]},"saihong":{"attachment":[{"name":null}]},"mouth-normal":{"attachment":[{"name":null}]},"role1_pi":{"attachment":[{"name":null}]},"eye-yanbai":{"attachment":[{"name":null}]},"eye-yanzhu":{"attachment":[{"name":null}]}}},"3":{"slots":{"1_caomeidangao":{"attachment":[{"name":"img_caomei"}]},"saihong":{"attachment":[{"name":null}]},"mouth-normal":{"attachment":[{"name":null}]},"role1_pi":{"attachment":[{"name":null}]},"eye-yanbai":{"attachment":[{"name":null}]},"eye-yanzhu":{"attachment":[{"name":null}]}}},"4":{"slots":{"1_caomeidangao":{"attachment":[{"name":"img_dangao"}]},"saihong":{"attachment":[{"name":null}]},"mouth-normal":{"attachment":[{"name":null}]},"role1_pi":{"attachment":[{"name":null}]},"eye-yanbai":{"attachment":[{"name":null}]},"eye-yanzhu":{"attachment":[{"name":null}]}}},"5":{"slots":{"1_caomeidangao":{"attachment":[{"name":"img_quqi"}]},"saihong":{"attachment":[{"name":null}]},"mouth-normal":{"attachment":[{"name":null}]},"role1_pi":{"attachment":[{"name":null}]},"eye-yanbai":{"attachment":[{"name":null}]},"eye-yanzhu":{"attachment":[{"name":null}]}}},"6":{"slots":{"1_caomeidangao":{"attachment":[{"name":"img_tangyuan"}]},"saihong":{"attachment":[{"name":null}]},"mouth-normal":{"attachment":[{"name":null}]},"role1_pi":{"attachment":[{"name":null}]},"eye-yanbai":{"attachment":[{"name":null}]},"eye-yanzhu":{"attachment":[{"name":null}]}}},"7":{"slots":{"1_caomeidangao":{"attachment":[{"name":"img_xiaodangao"}]},"saihong":{"attachment":[{"name":null}]},"mouth-normal":{"attachment":[{"name":null}]},"role1_pi":{"attachment":[{"name":null}]},"eye-yanbai":{"attachment":[{"name":null}]},"eye-yanzhu":{"attachment":[{"name":null}]}}},"eft_smoke":{"slots":{"eft_smoke1-1":{"attachment":[{"time":0.0333,"name":"eft_smoke1-1"},{"time":0.1,"name":"eft_smoke1-2"},{"time":0.1667,"name":"eft_smoke1-3"},{"time":0.2333,"name":"eft_smoke1-4"},{"time":0.3,"name":"eft_smoke1-5"},{"time":0.3667,"name":"eft_smoke1-6"},{"time":0.4333,"name":"eft_smoke2-1"},{"time":0.5,"name":"eft_smoke1-1"},{"time":0.5667,"name":"eft_smoke1-2"},{"time":0.6333,"name":"eft_smoke1-3"},{"time":0.7,"name":"eft_smoke1-4"},{"time":0.7667,"name":"eft_smoke1-5"},{"time":0.8333,"name":"eft_smoke1-6"},{"time":0.9,"name":"eft_smoke2-1"},{"time":0.9667,"name":"eft_smoke2-2"},{"time":1.0333,"name":"eft_smoke2-3"},{"time":1.1,"name":"eft_smoke2-4"},{"time":1.1667,"name":null}]},"saihong":{"attachment":[{"name":null}]},"mouth-normal":{"attachment":[{"name":null}]},"role1_pi":{"attachment":[{"name":null}]},"eye-yanbai":{"attachment":[{"name":null}]},"eye-yanzhu":{"attachment":[{"name":null}]}}},"role1_false":{"slots":{"eye-yanbai":{"attachment":[{"name":null}]},"eye-jingya":{"attachment":[{"name":"eye-cry"}]},"mouth-normal":{"attachment":[{"name":"mouth-cry"}]},"eye-yanzhu":{"attachment":[{"name":null}]}},"bones":{"saihong":{"translate":[{"y":-7.14}]},"body":{"scale":[{},{"time":0.1667,"x":0.85,"y":1.15},{"time":0.3333},{"time":0.5,"x":0.85,"y":1.15},{"time":0.6667},{"time":0.8333,"x":0.85,"y":1.15},{"time":1},{"time":1.1667,"x":0.6,"y":1.4},{"time":1.2333,"x":0.65,"y":1.35},{"time":1.3,"x":0.6,"y":1.4},{"time":1.3667,"x":0.65,"y":1.35},{"time":1.4333,"x":0.6,"y":1.4},{"time":1.5,"x":0.65,"y":1.35},{"time":1.5667,"x":0.6,"y":1.4},{"time":1.6667,"y":0.6},{"time":1.7667,"y":1.2},{"time":1.8667,"y":0.9},{"time":2}]}}},"role1_lookLR":{"slots":{"eye-yanbai":{"attachment":[{"time":0.5,"name":null},{"time":0.6667,"name":"eye-yanbai"},{"time":1.5,"name":null},{"time":1.6667,"name":"eye-yanbai"}]},"eye-jingya":{"attachment":[{"time":0.5,"name":"eye-close"},{"time":0.6667,"name":null},{"time":1.5,"name":"eye-close"},{"time":1.6667,"name":null}]},"mouth-normal":{"attachment":[{"name":"mouth-jingya"}]},"eye-yanzhu":{"attachment":[{"time":0.5,"name":null},{"time":0.6667,"name":"eye-yanzhu"},{"time":1.5,"name":null},{"time":1.6667,"name":"eye-yanzhu"}]}},"bones":{"mouth":{"scale":[{},{"time":0.5,"x":1.2,"y":1.2},{"time":1},{"time":1.5,"x":1.2,"y":1.2},{"time":2}]},"yanzhu":{"translate":[{"x":0.36},{"time":0.2,"x":-6.19,"curve":"stepped"},{"time":0.8667,"x":-6.19},{"time":1.2,"x":4.73,"curve":"stepped"},{"time":1.8667,"x":4.73},{"time":2,"x":0.36}]},"body":{"translate":[{"curve":0.25,"c3":0.75},{"time":0.5,"y":-2.35,"curve":0.25,"c3":0.75},{"time":1,"curve":0.25,"c3":0.75},{"time":1.5,"y":-2.35,"curve":0.25,"c3":0.75},{"time":2}],"scale":[{"curve":0.25,"c3":0.75},{"time":0.5,"y":0.95,"curve":0.25,"c3":0.75},{"time":1,"curve":0.25,"c3":0.75},{"time":1.5,"y":0.95,"curve":0.25,"c3":0.75},{"time":2}]}}},"role1_stand":{"slots":{"eye-jingya":{"attachment":[{"time":0.6667,"name":"eye-close"},{"time":0.8333,"name":null}]},"eye-yanbai":{"attachment":[{"time":0.6667,"name":null},{"time":0.8333,"name":"eye-yanbai"}]},"eye-yanzhu":{"attachment":[{"time":0.6667,"name":null},{"time":0.8333,"name":"eye-yanzhu"}]}},"bones":{"mouth":{"scale":[{},{"time":0.5,"x":1.2,"y":1.2},{"time":1},{"time":1.5,"x":1.2,"y":1.2},{"time":2}]},"body":{"translate":[{"curve":0.25,"c3":0.75},{"time":0.5,"y":-2.35,"curve":0.25,"c3":0.75},{"time":1,"curve":0.25,"c3":0.75},{"time":1.5,"y":-2.35,"curve":0.25,"c3":0.75},{"time":2}],"scale":[{"curve":0.25,"c3":0.75},{"time":0.5,"y":0.95,"curve":0.25,"c3":0.75},{"time":1,"curve":0.25,"c3":0.75},{"time":1.5,"y":0.95,"curve":0.25,"c3":0.75},{"time":2}]},"yanbai":{"scale":[{"time":0.5,"curve":0.25,"c3":0.75},{"time":0.7333,"y":0.088,"curve":"stepped"},{"time":0.8,"y":0.088,"curve":0.25,"c3":0.75},{"time":0.9}]},"yanzhu":{"scale":[{"time":0.5,"curve":0.25,"c3":0.75},{"time":0.7333,"y":0.088,"curve":"stepped"},{"time":0.8,"y":0.088,"curve":0.25,"c3":0.75},{"time":0.9}]}}},"role1_true":{"slots":{"mouth-normal":{"attachment":[{"name":"mouth-jingya"}]}},"bones":{"mouth":{"scale":[{"x":1.281},{"time":0.1667,"y":1.484},{"time":0.3333,"x":1.281},{"time":0.5,"y":1.484},{"time":0.6667,"x":1.281},{"time":0.8333,"y":1.484},{"time":1,"x":1.281},{"time":1.1667,"y":1.484},{"time":1.3333,"x":1.281},{"time":1.5,"y":1.484},{"time":1.6667,"x":1.281},{"time":1.8333,"y":1.484},{"time":2,"x":1.281}]},"body":{"scale":[{},{"time":0.1667,"x":0.9,"y":1.1},{"time":0.3333},{"time":0.5,"x":0.9,"y":1.1},{"time":0.6667},{"time":0.8333,"x":0.9,"y":1.1},{"time":1},{"time":1.1667,"x":0.9,"y":1.1},{"time":1.3333},{"time":1.5,"x":0.9,"y":1.1},{"time":1.6667},{"time":1.8333,"x":0.9,"y":1.1},{"time":2}]}}},"role1_yihuo":{"slots":{"eyeborwL":{"attachment":[{"name":"eyeborwL"}]},"wen":{"color":[{"time":1,"color":"ffffffff"},{"time":1.5,"color":"ffffff00"}],"attachment":[{"name":"wen"}]},"eyeborwR":{"attachment":[{"name":"eyeborwR"}]},"mouth-normal":{"attachment":[{"name":"mouth-jingya"}]},"eye-jingya":{"attachment":[{"time":0.6667,"name":"eye-close"},{"time":0.8333,"name":null}]},"wen2":{"color":[{"time":1,"color":"ffffffff"},{"time":1.5,"color":"ffffff00"}],"attachment":[{"name":"wen"}]},"eye-yanbai":{"attachment":[{"time":0.6667,"name":null},{"time":0.8333,"name":"eye-yanbai"}]},"eye-yanzhu":{"attachment":[{"time":0.6667,"name":null},{"time":0.8333,"name":"eye-yanzhu"}]}},"bones":{"body":{"translate":[{"curve":0.25,"c3":0.75},{"time":0.5,"y":-2.35,"curve":0.25,"c3":0.75},{"time":1,"curve":0.25,"c3":0.75},{"time":1.5,"y":-2.35,"curve":0.25,"c3":0.75},{"time":2}],"scale":[{"curve":0.25,"c3":0.75},{"time":0.5,"y":0.95,"curve":0.25,"c3":0.75},{"time":1,"curve":0.25,"c3":0.75},{"time":1.5,"y":0.95,"curve":0.25,"c3":0.75},{"time":2}]},"yanzhu":{"translate":[{"curve":0.002,"c2":0.21,"c3":0.75},{"time":0.2333,"x":4.02,"y":-3.63,"curve":"stepped"},{"time":1,"x":4.02,"y":-3.63},{"time":1.5}]},"mouth":{"scale":[{},{"time":0.2333,"x":0.728,"y":1.15},{"time":0.3,"x":0.897,"y":1.408},{"time":0.3667,"x":0.728,"y":1.15},{"time":0.4333,"x":0.897,"y":1.408},{"time":0.5,"x":0.728,"y":1.15,"curve":"stepped"},{"time":1,"x":0.728,"y":1.15},{"time":1.5}]},"eyeborwR":{"rotate":[{"angle":-2.4}],"translate":[{"x":3.59,"y":-4.81}],"scale":[{"x":0.98}]},"eyeborwL":{"translate":[{"time":0.3333},{"time":0.4,"y":-3.31},{"time":0.4667},{"time":0.5333,"y":-3.31},{"time":0.6},{"time":0.6667,"y":-3.31},{"time":0.7333}]},"face":{"translate":[{"curve":0,"c2":0.33,"c3":0.75},{"time":0.2333,"x":-14.26,"y":16.19,"curve":"stepped"},{"time":1,"x":-14.26,"y":16.19},{"time":1.5}]},"wenhao1":{"scale":[{"y":0,"curve":"stepped"},{"time":0.1667,"y":0},{"time":0.2667,"y":1.4},{"time":0.3667,"y":0.857},{"time":0.4667}]},"wenhao2":{"scale":[{"y":0,"curve":"stepped"},{"time":0.2667,"y":0},{"time":0.3667,"y":1.2},{"time":0.4667,"y":0.9},{"time":0.5667}]},"wenhao":{"translate":[{"x":0.5,"y":-15.69}]}}},"role2_false":{"slots":{"eye-yanbai":{"attachment":[{"name":null}]},"saihong":{"attachment":[{"name":null}]},"eye-jingya":{"attachment":[{"name":"eye-cry"}]},"role1_pi":{"attachment":[{"name":"role2_xian"}]},"mouth-normal":{"attachment":[{"name":"mouth-cry"}]},"eye-yanzhu":{"attachment":[{"name":null}]}},"bones":{"saihong":{"translate":[{"y":-7.14}]},"body":{"scale":[{},{"time":0.1667,"x":0.85,"y":1.15},{"time":0.3333},{"time":0.5,"x":0.85,"y":1.15},{"time":0.6667},{"time":0.8333,"x":0.85,"y":1.15},{"time":1},{"time":1.1667,"x":0.6,"y":1.4},{"time":1.2333,"x":0.65,"y":1.35},{"time":1.3,"x":0.6,"y":1.4},{"time":1.3667,"x":0.65,"y":1.35},{"time":1.4333,"x":0.6,"y":1.4},{"time":1.5,"x":0.65,"y":1.35},{"time":1.5667,"x":0.6,"y":1.4},{"time":1.6667,"y":0.6},{"time":1.7667,"y":1.2},{"time":1.8667,"y":0.9},{"time":2}]}}},"role2_lookLR":{"slots":{"eye-yanbai":{"attachment":[{"time":0.5,"name":null},{"time":0.6667,"name":"eye-yanbai"},{"time":1.5,"name":null},{"time":1.6667,"name":"eye-yanbai"}]},"saihong":{"attachment":[{"name":null}]},"eye-jingya":{"attachment":[{"time":0.5,"name":"eye-close"},{"time":0.6667,"name":null},{"time":1.5,"name":"eye-close"},{"time":1.6667,"name":null}]},"role1_pi":{"attachment":[{"name":"role2_xian"}]},"mouth-normal":{"attachment":[{"name":"mouth-jingya"}]},"eye-yanzhu":{"attachment":[{"time":0.5,"name":null},{"time":0.6667,"name":"eye-yanzhu"},{"time":1.5,"name":null},{"time":1.6667,"name":"eye-yanzhu"}]}},"bones":{"mouth":{"scale":[{},{"time":0.5,"x":1.2,"y":1.2},{"time":1},{"time":1.5,"x":1.2,"y":1.2},{"time":2}]},"yanzhu":{"translate":[{"x":0.36},{"time":0.2,"x":-6.19,"curve":"stepped"},{"time":0.8667,"x":-6.19},{"time":1.2,"x":4.73,"curve":"stepped"},{"time":1.8667,"x":4.73},{"time":2,"x":0.36}]},"body":{"translate":[{"curve":0.25,"c3":0.75},{"time":0.5,"y":-2.35,"curve":0.25,"c3":0.75},{"time":1,"curve":0.25,"c3":0.75},{"time":1.5,"y":-2.35,"curve":0.25,"c3":0.75},{"time":2}],"scale":[{"curve":0.25,"c3":0.75},{"time":0.5,"y":0.95,"curve":0.25,"c3":0.75},{"time":1,"curve":0.25,"c3":0.75},{"time":1.5,"y":0.95,"curve":0.25,"c3":0.75},{"time":2}]}}},"role2_stand":{"slots":{"saihong":{"attachment":[{"name":null}]},"eye-jingya":{"attachment":[{"time":0.6667,"name":"eye-close"},{"time":0.8333,"name":null}]},"role1_pi":{"attachment":[{"name":"role2_xian"}]},"eye-yanbai":{"attachment":[{"time":0.6667,"name":null},{"time":0.8333,"name":"eye-yanbai"}]},"eye-yanzhu":{"attachment":[{"time":0.6667,"name":null},{"time":0.8333,"name":"eye-yanzhu"}]}},"bones":{"mouth":{"scale":[{},{"time":0.5,"x":1.2,"y":1.2},{"time":1},{"time":1.5,"x":1.2,"y":1.2},{"time":2}]},"body":{"translate":[{"curve":0.25,"c3":0.75},{"time":0.5,"y":-2.35,"curve":0.25,"c3":0.75},{"time":1,"curve":0.25,"c3":0.75},{"time":1.5,"y":-2.35,"curve":0.25,"c3":0.75},{"time":2}],"scale":[{"curve":0.25,"c3":0.75},{"time":0.5,"y":0.95,"curve":0.25,"c3":0.75},{"time":1,"curve":0.25,"c3":0.75},{"time":1.5,"y":0.95,"curve":0.25,"c3":0.75},{"time":2}]}}},"role2_true":{"slots":{"saihong":{"attachment":[{"name":null}]},"role1_pi":{"attachment":[{"name":"role2_xian"}]},"mouth-normal":{"attachment":[{"name":"mouth-jingya"}]}},"bones":{"mouth":{"scale":[{"x":1.281},{"time":0.1667,"y":1.484},{"time":0.3333,"x":1.281},{"time":0.5,"y":1.484},{"time":0.6667,"x":1.281},{"time":0.8333,"y":1.484},{"time":1,"x":1.281},{"time":1.1667,"y":1.484},{"time":1.3333,"x":1.281},{"time":1.5,"y":1.484},{"time":1.6667,"x":1.281},{"time":1.8333,"y":1.484},{"time":2,"x":1.281}]},"body":{"scale":[{},{"time":0.1667,"x":0.9,"y":1.1},{"time":0.3333},{"time":0.5,"x":0.9,"y":1.1},{"time":0.6667},{"time":0.8333,"x":0.9,"y":1.1},{"time":1},{"time":1.1667,"x":0.9,"y":1.1},{"time":1.3333},{"time":1.5,"x":0.9,"y":1.1},{"time":1.6667},{"time":1.8333,"x":0.9,"y":1.1},{"time":2}]}}},"role2_yihuo":{"slots":{"eyeborwL":{"attachment":[{"name":"eyeborwL"}]},"wen":{"color":[{"time":1,"color":"ffffffff"},{"time":1.5,"color":"ffffff00"}],"attachment":[{"name":"wen"}]},"saihong":{"attachment":[{"name":null}]},"eyeborwR":{"attachment":[{"name":"eyeborwR"}]},"mouth-normal":{"attachment":[{"name":"mouth-jingya"}]},"eye-jingya":{"attachment":[{"time":0.6667,"name":"eye-close"},{"time":0.8333,"name":null}]},"wen2":{"color":[{"time":1,"color":"ffffffff"},{"time":1.5,"color":"ffffff00"}],"attachment":[{"name":"wen"}]},"role1_pi":{"attachment":[{"name":"role2_xian"}]},"eye-yanbai":{"attachment":[{"time":0.6667,"name":null},{"time":0.8333,"name":"eye-yanbai"}]},"eye-yanzhu":{"attachment":[{"time":0.6667,"name":null},{"time":0.8333,"name":"eye-yanzhu"}]}},"bones":{"body":{"translate":[{"curve":0.25,"c3":0.75},{"time":0.5,"y":-2.35,"curve":0.25,"c3":0.75},{"time":1,"curve":0.25,"c3":0.75},{"time":1.5,"y":-2.35,"curve":0.25,"c3":0.75},{"time":2}],"scale":[{"curve":0.25,"c3":0.75},{"time":0.5,"y":0.95,"curve":0.25,"c3":0.75},{"time":1,"curve":0.25,"c3":0.75},{"time":1.5,"y":0.95,"curve":0.25,"c3":0.75},{"time":2}]},"yanzhu":{"translate":[{"curve":0.002,"c2":0.21,"c3":0.75},{"time":0.2333,"x":4.02,"y":-3.63,"curve":"stepped"},{"time":1,"x":4.02,"y":-3.63},{"time":1.5}]},"mouth":{"scale":[{},{"time":0.2333,"x":0.728,"y":1.15},{"time":0.3,"x":0.897,"y":1.408},{"time":0.3667,"x":0.728,"y":1.15},{"time":0.4333,"x":0.897,"y":1.408},{"time":0.5,"x":0.728,"y":1.15,"curve":"stepped"},{"time":1,"x":0.728,"y":1.15},{"time":1.5}]},"eyeborwR":{"rotate":[{"angle":-2.4}],"translate":[{"x":3.59,"y":-4.81}],"scale":[{"x":0.98}]},"eyeborwL":{"translate":[{"time":0.3333},{"time":0.4,"y":-3.31},{"time":0.4667},{"time":0.5333,"y":-3.31},{"time":0.6},{"time":0.6667,"y":-3.31},{"time":0.7333}]},"face":{"translate":[{"curve":0,"c2":0.33,"c3":0.75},{"time":0.2333,"x":-14.26,"y":16.19,"curve":"stepped"},{"time":1,"x":-14.26,"y":16.19},{"time":1.5}]},"wenhao1":{"scale":[{"y":0,"curve":"stepped"},{"time":0.1667,"y":0},{"time":0.2667,"y":1.4},{"time":0.3667,"y":0.857},{"time":0.4667}]},"wenhao2":{"scale":[{"y":0,"curve":"stepped"},{"time":0.2667,"y":0},{"time":0.3667,"y":1.2},{"time":0.4667,"y":0.9},{"time":0.5667}]},"wenhao":{"translate":[{"x":0.5,"y":-15.69}]}}},"role3_false":{"slots":{"eye-yanbai":{"attachment":[{"name":null}]},"eye-jingya":{"attachment":[{"name":"eye-cry"}]},"role1_pi":{"attachment":[{"name":"role3_bing"}]},"mouth-normal":{"attachment":[{"name":"mouth-cry"}]},"eye-yanzhu":{"attachment":[{"name":null}]}},"bones":{"saihong":{"translate":[{"y":-7.14}]},"body":{"scale":[{},{"time":0.1667,"x":0.85,"y":1.15},{"time":0.3333},{"time":0.5,"x":0.85,"y":1.15},{"time":0.6667},{"time":0.8333,"x":0.85,"y":1.15},{"time":1},{"time":1.1667,"x":0.6,"y":1.4},{"time":1.2333,"x":0.65,"y":1.35},{"time":1.3,"x":0.6,"y":1.4},{"time":1.3667,"x":0.65,"y":1.35},{"time":1.4333,"x":0.6,"y":1.4},{"time":1.5,"x":0.65,"y":1.35},{"time":1.5667,"x":0.6,"y":1.4},{"time":1.6667,"y":0.6},{"time":1.7667,"y":1.2},{"time":1.8667,"y":0.9},{"time":2}]},"face":{"scale":[{"x":0.75,"y":0.75}]}}},"role3_ookLR":{"slots":{"eye-yanbai":{"attachment":[{"time":0.5,"name":null},{"time":0.6667,"name":"eye-yanbai"},{"time":1.5,"name":null},{"time":1.6667,"name":"eye-yanbai"}]},"eye-jingya":{"attachment":[{"time":0.5,"name":"eye-close"},{"time":0.6667,"name":null},{"time":1.5,"name":"eye-close"},{"time":1.6667,"name":null}]},"role1_pi":{"attachment":[{"name":"role3_bing"}]},"mouth-normal":{"attachment":[{"name":"mouth-jingya"}]},"eye-yanzhu":{"attachment":[{"time":0.5,"name":null},{"time":0.6667,"name":"eye-yanzhu"},{"time":1.5,"name":null},{"time":1.6667,"name":"eye-yanzhu"}]}},"bones":{"mouth":{"scale":[{},{"time":0.5,"x":1.2,"y":1.2},{"time":1},{"time":1.5,"x":1.2,"y":1.2},{"time":2}]},"yanzhu":{"translate":[{"x":0.36},{"time":0.2,"x":-6.19,"curve":"stepped"},{"time":0.8667,"x":-6.19},{"time":1.2,"x":4.73,"curve":"stepped"},{"time":1.8667,"x":4.73},{"time":2,"x":0.36}]},"body":{"translate":[{"curve":0.25,"c3":0.75},{"time":0.5,"y":-2.35,"curve":0.25,"c3":0.75},{"time":1,"curve":0.25,"c3":0.75},{"time":1.5,"y":-2.35,"curve":0.25,"c3":0.75},{"time":2}],"scale":[{"curve":0.25,"c3":0.75},{"time":0.5,"y":0.95,"curve":0.25,"c3":0.75},{"time":1,"curve":0.25,"c3":0.75},{"time":1.5,"y":0.95,"curve":0.25,"c3":0.75},{"time":2}]},"face":{"scale":[{"x":0.75,"y":0.75}]}}},"role3_stand":{"slots":{"eye-jingya":{"attachment":[{"time":0.6667,"name":"eye-close"},{"time":0.8333,"name":null}]},"role1_pi":{"attachment":[{"name":"role3_bing"}]},"eye-yanbai":{"attachment":[{"time":0.6667,"name":null},{"time":0.8333,"name":"eye-yanbai"}]},"eye-yanzhu":{"attachment":[{"time":0.6667,"name":null},{"time":0.8333,"name":"eye-yanzhu"}]}},"bones":{"mouth":{"scale":[{},{"time":0.5,"x":1.2,"y":1.2},{"time":1},{"time":1.5,"x":1.2,"y":1.2},{"time":2}]},"body":{"translate":[{"curve":0.25,"c3":0.75},{"time":0.5,"y":-2.35,"curve":0.25,"c3":0.75},{"time":1,"curve":0.25,"c3":0.75},{"time":1.5,"y":-2.35,"curve":0.25,"c3":0.75},{"time":2}],"scale":[{"curve":0.25,"c3":0.75},{"time":0.5,"y":0.95,"curve":0.25,"c3":0.75},{"time":1,"curve":0.25,"c3":0.75},{"time":1.5,"y":0.95,"curve":0.25,"c3":0.75},{"time":2}]},"face":{"scale":[{"x":0.75,"y":0.75}]}}},"role3_true":{"slots":{"role1_pi":{"attachment":[{"name":"role3_bing"}]},"mouth-normal":{"attachment":[{"name":"mouth-jingya"}]}},"bones":{"mouth":{"scale":[{"x":1.281},{"time":0.1667,"y":1.484},{"time":0.3333,"x":1.281},{"time":0.5,"y":1.484},{"time":0.6667,"x":1.281},{"time":0.8333,"y":1.484},{"time":1,"x":1.281},{"time":1.1667,"y":1.484},{"time":1.3333,"x":1.281},{"time":1.5,"y":1.484},{"time":1.6667,"x":1.281},{"time":1.8333,"y":1.484},{"time":2,"x":1.281}]},"body":{"scale":[{},{"time":0.1667,"x":0.9,"y":1.1},{"time":0.3333},{"time":0.5,"x":0.9,"y":1.1},{"time":0.6667},{"time":0.8333,"x":0.9,"y":1.1},{"time":1},{"time":1.1667,"x":0.9,"y":1.1},{"time":1.3333},{"time":1.5,"x":0.9,"y":1.1},{"time":1.6667},{"time":1.8333,"x":0.9,"y":1.1},{"time":2}]},"face":{"scale":[{"x":0.75,"y":0.75}]}}},"role3_yihuo":{"slots":{"eyeborwL":{"attachment":[{"name":"eyeborwL"}]},"wen":{"color":[{"time":1,"color":"ffffffff"},{"time":1.5,"color":"ffffff00"}],"attachment":[{"name":"wen"}]},"eyeborwR":{"attachment":[{"name":"eyeborwR"}]},"mouth-normal":{"attachment":[{"name":"mouth-jingya"}]},"eye-jingya":{"attachment":[{"time":0.6667,"name":"eye-close"},{"time":0.8333,"name":null}]},"wen2":{"color":[{"time":1,"color":"ffffffff"},{"time":1.5,"color":"ffffff00"}],"attachment":[{"name":"wen"}]},"role1_pi":{"attachment":[{"name":"role3_bing"}]},"eye-yanbai":{"attachment":[{"time":0.6667,"name":null},{"time":0.8333,"name":"eye-yanbai"}]},"eye-yanzhu":{"attachment":[{"time":0.6667,"name":null},{"time":0.8333,"name":"eye-yanzhu"}]}},"bones":{"body":{"translate":[{"curve":0.25,"c3":0.75},{"time":0.5,"y":-2.35,"curve":0.25,"c3":0.75},{"time":1,"curve":0.25,"c3":0.75},{"time":1.5,"y":-2.35,"curve":0.25,"c3":0.75},{"time":2}],"scale":[{"curve":0.25,"c3":0.75},{"time":0.5,"y":0.95,"curve":0.25,"c3":0.75},{"time":1,"curve":0.25,"c3":0.75},{"time":1.5,"y":0.95,"curve":0.25,"c3":0.75},{"time":2}]},"yanzhu":{"translate":[{"curve":0.002,"c2":0.21,"c3":0.75},{"time":0.2333,"x":4.02,"y":-3.63,"curve":"stepped"},{"time":1,"x":4.02,"y":-3.63},{"time":1.5}]},"mouth":{"scale":[{},{"time":0.2333,"x":0.728,"y":1.15},{"time":0.3,"x":0.897,"y":1.408},{"time":0.3667,"x":0.728,"y":1.15},{"time":0.4333,"x":0.897,"y":1.408},{"time":0.5,"x":0.728,"y":1.15,"curve":"stepped"},{"time":1,"x":0.728,"y":1.15},{"time":1.5}]},"eyeborwR":{"rotate":[{"angle":-2.4}],"translate":[{"x":3.59,"y":-4.81}],"scale":[{"x":0.98}]},"eyeborwL":{"translate":[{"time":0.3333},{"time":0.4,"y":-3.31},{"time":0.4667},{"time":0.5333,"y":-3.31},{"time":0.6},{"time":0.6667,"y":-3.31},{"time":0.7333}]},"face":{"translate":[{"curve":0,"c2":0.33,"c3":0.75},{"time":0.2333,"x":-14.26,"y":16.19,"curve":"stepped"},{"time":1,"x":-14.26,"y":16.19},{"time":1.5}],"scale":[{"x":0.75,"y":0.75}]},"wenhao1":{"scale":[{"y":0,"curve":"stepped"},{"time":0.1667,"y":0},{"time":0.2667,"y":1.4},{"time":0.3667,"y":0.857},{"time":0.4667}]},"wenhao2":{"scale":[{"y":0,"curve":"stepped"},{"time":0.2667,"y":0},{"time":0.3667,"y":1.2},{"time":0.4667,"y":0.9},{"time":0.5667}]},"wenhao":{"translate":[{"x":0.5,"y":-15.69}]}}},"role4_false":{"slots":{"eye-yanbai":{"attachment":[{"name":null}]},"eye-jingya":{"attachment":[{"name":"eye-cry"}]},"role1_pi":{"attachment":[{"name":"role4_naiyou"}]},"mouth-normal":{"attachment":[{"name":"mouth-cry"}]},"eye-yanzhu":{"attachment":[{"name":null}]}},"bones":{"saihong":{"translate":[{"y":-7.14}]},"body":{"scale":[{},{"time":0.1667,"x":0.85,"y":1.15},{"time":0.3333},{"time":0.5,"x":0.85,"y":1.15},{"time":0.6667},{"time":0.8333,"x":0.85,"y":1.15},{"time":1},{"time":1.1667,"x":0.6,"y":1.4},{"time":1.2333,"x":0.65,"y":1.35},{"time":1.3,"x":0.6,"y":1.4},{"time":1.3667,"x":0.65,"y":1.35},{"time":1.4333,"x":0.6,"y":1.4},{"time":1.5,"x":0.65,"y":1.35},{"time":1.5667,"x":0.6,"y":1.4},{"time":1.6667,"y":0.6},{"time":1.7667,"y":1.2},{"time":1.8667,"y":0.9},{"time":2}]},"face":{"translate":[{"y":-22}],"scale":[{"x":0.9,"y":0.9}]}}},"role4_lookLR":{"slots":{"eye-yanbai":{"attachment":[{"time":0.5,"name":null},{"time":0.6667,"name":"eye-yanbai"},{"time":1.5,"name":null},{"time":1.6667,"name":"eye-yanbai"}]},"eye-jingya":{"attachment":[{"time":0.5,"name":"eye-close"},{"time":0.6667,"name":null},{"time":1.5,"name":"eye-close"},{"time":1.6667,"name":null}]},"role1_pi":{"attachment":[{"name":"role4_naiyou"}]},"mouth-normal":{"attachment":[{"name":"mouth-jingya"}]},"eye-yanzhu":{"attachment":[{"time":0.5,"name":null},{"time":0.6667,"name":"eye-yanzhu"},{"time":1.5,"name":null},{"time":1.6667,"name":"eye-yanzhu"}]}},"bones":{"mouth":{"scale":[{},{"time":0.5,"x":1.2,"y":1.2},{"time":1},{"time":1.5,"x":1.2,"y":1.2},{"time":2}]},"yanzhu":{"translate":[{"x":0.36},{"time":0.2,"x":-6.19,"curve":"stepped"},{"time":0.8667,"x":-6.19},{"time":1.2,"x":4.73,"curve":"stepped"},{"time":1.8667,"x":4.73},{"time":2,"x":0.36}]},"body":{"translate":[{"curve":0.25,"c3":0.75},{"time":0.5,"y":-2.35,"curve":0.25,"c3":0.75},{"time":1,"curve":0.25,"c3":0.75},{"time":1.5,"y":-2.35,"curve":0.25,"c3":0.75},{"time":2}],"scale":[{"curve":0.25,"c3":0.75},{"time":0.5,"y":0.95,"curve":0.25,"c3":0.75},{"time":1,"curve":0.25,"c3":0.75},{"time":1.5,"y":0.95,"curve":0.25,"c3":0.75},{"time":2}]},"face":{"translate":[{"y":-22}],"scale":[{"x":0.9,"y":0.9}]}}},"role4_stand":{"slots":{"eye-jingya":{"attachment":[{"time":0.6667,"name":"eye-close"},{"time":0.8333,"name":null}]},"role1_pi":{"attachment":[{"name":"role4_naiyou"}]},"eye-yanbai":{"attachment":[{"time":0.6667,"name":null},{"time":0.8333,"name":"eye-yanbai"}]},"eye-yanzhu":{"attachment":[{"time":0.6667,"name":null},{"time":0.8333,"name":"eye-yanzhu"}]}},"bones":{"mouth":{"scale":[{},{"time":0.5,"x":1.2,"y":1.2},{"time":1},{"time":1.5,"x":1.2,"y":1.2},{"time":2}]},"body":{"translate":[{"curve":0.25,"c3":0.75},{"time":0.5,"y":-2.35,"curve":0.25,"c3":0.75},{"time":1,"curve":0.25,"c3":0.75},{"time":1.5,"y":-2.35,"curve":0.25,"c3":0.75},{"time":2}],"scale":[{"curve":0.25,"c3":0.75},{"time":0.5,"y":0.95,"curve":0.25,"c3":0.75},{"time":1,"curve":0.25,"c3":0.75},{"time":1.5,"y":0.95,"curve":0.25,"c3":0.75},{"time":2}]},"face":{"translate":[{"y":-22}],"scale":[{"x":0.9,"y":0.9}]}}},"role4_true":{"slots":{"role1_pi":{"attachment":[{"name":"role4_naiyou"}]},"mouth-normal":{"attachment":[{"name":"mouth-jingya"}]}},"bones":{"mouth":{"scale":[{"x":1.281},{"time":0.1667,"y":1.484},{"time":0.3333,"x":1.281},{"time":0.5,"y":1.484},{"time":0.6667,"x":1.281},{"time":0.8333,"y":1.484},{"time":1,"x":1.281},{"time":1.1667,"y":1.484},{"time":1.3333,"x":1.281},{"time":1.5,"y":1.484},{"time":1.6667,"x":1.281},{"time":1.8333,"y":1.484},{"time":2,"x":1.281}]},"body":{"scale":[{},{"time":0.1667,"x":0.9,"y":1.1},{"time":0.3333},{"time":0.5,"x":0.9,"y":1.1},{"time":0.6667},{"time":0.8333,"x":0.9,"y":1.1},{"time":1},{"time":1.1667,"x":0.9,"y":1.1},{"time":1.3333},{"time":1.5,"x":0.9,"y":1.1},{"time":1.6667},{"time":1.8333,"x":0.9,"y":1.1},{"time":2}]},"face":{"translate":[{"y":-22}],"scale":[{"x":0.9,"y":0.9}]}}},"role4_yihuo":{"slots":{"eyeborwL":{"attachment":[{"name":"eyeborwL"}]},"wen":{"color":[{"time":1,"color":"ffffffff"},{"time":1.5,"color":"ffffff00"}],"attachment":[{"name":"wen"}]},"eyeborwR":{"attachment":[{"name":"eyeborwR"}]},"mouth-normal":{"attachment":[{"name":"mouth-jingya"}]},"eye-jingya":{"attachment":[{"time":0.6667,"name":"eye-close"},{"time":0.8333,"name":null}]},"wen2":{"color":[{"time":1,"color":"ffffffff"},{"time":1.5,"color":"ffffff00"}],"attachment":[{"name":"wen"}]},"role1_pi":{"attachment":[{"name":"role4_naiyou"}]},"eye-yanbai":{"attachment":[{"time":0.6667,"name":null},{"time":0.8333,"name":"eye-yanbai"}]},"eye-yanzhu":{"attachment":[{"time":0.6667,"name":null},{"time":0.8333,"name":"eye-yanzhu"}]}},"bones":{"body":{"translate":[{"curve":0.25,"c3":0.75},{"time":0.5,"y":-2.35,"curve":0.25,"c3":0.75},{"time":1,"curve":0.25,"c3":0.75},{"time":1.5,"y":-2.35,"curve":0.25,"c3":0.75},{"time":2}],"scale":[{"curve":0.25,"c3":0.75},{"time":0.5,"y":0.95,"curve":0.25,"c3":0.75},{"time":1,"curve":0.25,"c3":0.75},{"time":1.5,"y":0.95,"curve":0.25,"c3":0.75},{"time":2}]},"yanzhu":{"translate":[{"curve":0.002,"c2":0.21,"c3":0.75},{"time":0.2333,"x":4.02,"y":-3.63,"curve":"stepped"},{"time":1,"x":4.02,"y":-3.63},{"time":1.5}]},"mouth":{"scale":[{},{"time":0.2333,"x":0.728,"y":1.15},{"time":0.3,"x":0.897,"y":1.408},{"time":0.3667,"x":0.728,"y":1.15},{"time":0.4333,"x":0.897,"y":1.408},{"time":0.5,"x":0.728,"y":1.15,"curve":"stepped"},{"time":1,"x":0.728,"y":1.15},{"time":1.5}]},"eyeborwR":{"rotate":[{"angle":-2.4}],"translate":[{"x":3.59,"y":-4.81}],"scale":[{"x":0.98}]},"eyeborwL":{"translate":[{"time":0.3333},{"time":0.4,"y":-3.31},{"time":0.4667},{"time":0.5333,"y":-3.31},{"time":0.6},{"time":0.6667,"y":-3.31},{"time":0.7333}]},"face":{"translate":[{"y":-22},{"time":0.2333,"x":-15.58,"y":-6.05,"curve":"stepped"},{"time":1,"x":-15.58,"y":-6.05},{"time":1.5,"y":-22}],"scale":[{"x":0.9,"y":0.9}]},"wenhao1":{"scale":[{"y":0,"curve":"stepped"},{"time":0.1667,"y":0},{"time":0.2667,"y":1.4},{"time":0.3667,"y":0.857},{"time":0.4667}]},"wenhao2":{"scale":[{"y":0,"curve":"stepped"},{"time":0.2667,"y":0},{"time":0.3667,"y":1.2},{"time":0.4667,"y":0.9},{"time":0.5667}]},"wenhao":{"translate":[{"x":-11.36,"y":-33.48}]}}}}},[0]]],0,0,[0],[-1],[0]],[[[1,"role"],[2,"role",[-7],[[4,false,0,-2,[1],2],[5,-4,-3],[6,true,-6,[[7,"821bakKSEpISIa9tDkLmEA5","onClickRole",-5]]]],[8,-1],[5,244,244]],[3,"skeleton",1,[-8],[9,"d9qfuZNEtMer6ROvBGmypL",1],[5,158,121],[0,-60,0,0,0,0,1,1,1,1]],[10,"default",1,0,1,2,[0]]],0,[0,1,1,0,0,1,0,2,3,0,0,1,0,3,1,0,0,1,0,-1,2,0,-1,3,0,4,1,8],[0,0,0,3],[-1,-1,5,6],[1,2,3,4]]]]