{"paths":{"0":["audios/出现连线的音效",0],"1":["audios/错误音效",0],"2":["audios/连线消失的音效",0],"3":["audios/胜利的音效",0],"4":["audios/图案变身视频的音效",0],"5":["audios/小团子叽叽喳喳的音效",0],"6":["audios/正确音效",0],"7":["prefab/ui/Item/gezi_1",1],"8":["prefab/ui/Item/gezi_2",1],"9":["prefab/ui/Item/levelProgress",1],"10":["prefab/ui/Item/role",1],"11":["prefab/ui/Item/titleBoard",1],"12":["prefab/ui/panel/GamePanel",1],"13":["prefab/ui/panel/TeacherPanel",1]},"types":["cc.AudioClip","cc.Prefab"],"uuids":["8dlvpJv0NEiYKB7hCLsABT","b44IISFHFK0oDfZxCW6nW4","10zEhDVqhNNqbmbThjDx/s","76lFRo5CNBjYO/5jW0ZWgr","a0PsVS6pxMtoyDq3NBVbjy","90kIwwXNhMOImOb13yVSBK","95LFrPfEJJ24sZojn6Pctr","04Gtpw4TpN24GlhgxB+Xh9","a5VyZVY3ZLqowUMzJlzhsg","07P9T3TBFNdbKyrQ+qqpoR","20Bd6K5pxOhbzKJM/cNGLA","0fXsoQE5xNN49CN5F+6BzR","32+FX7rEVKcJkkZSzITPiN","62rz3SUm9N9oHvw7KM9Kh5","267bpFcDJJuqKXF1oakmjB","2aN1fdLhBG8r9XFUq/ZcP2","da6XXKEllLV71Kk+IY18gs","a4nSUj/MND96t5etO/gu9B","23X6QW08BPTryYm2PqpAqy","dc7YmlGrlOZYA8oFOnAJk5","34fiXw7WVKLqJb+LJyMxQC","254gRKuq5HuJpLT2P6Q5GQ","acyiDWCYNGfItmbpQe7VzS","a1QGhClONO066OqPeyF6f8","b4P/PCArtIdIH38t6mlw8Y","e8Ueib+qJEhL6mXAHdnwbi","71VhFCTINJM6/Ky3oX9nBT","ed0hW5J5ZKBar1gflskoHO","9dYAAftfRHJqYpJlnj3tC4","56fc2Ai/RFNYpaMT8crweK","17+c+sUxFMToUqNEeJjg/f","05uVISvotL3LitrZ4GxMco","21Aqf7TVlLBYPIGJPAhxx2","5aRhBO2QBBT7ZMbIno8wCy","c3EvtW209DVINz2a+YlSDr","26Sv2Fr5xF5Zg8EaysIPL/","9cZG/YuLlKr5AA5dA1T05i","afxN/9gI9HcLaA3Fgl9eyU","b1uG6EevZJmImK+hd7yCpq","a63SgNiJ1ACKOrTfORcPab","58MfI42OJASKcPaEj0RgZp","1b36c3b69","ecpdLyjvZBwrvm+cedCcQy","a2MjXRFdtLlYQ5ouAFv/+R","2auoJYJ4pJ2I0/n84Jc4xZ","81IUWcisVCl5pQ0hqq8L81","7a/QZLET9IDreTiBfRn2PD","d5ul8M6vpKEpuc981aVRYt","47t8O2AQJMm5ti7zYMym9W","0aCs4Y9d5CbriPJW8Wfx4U","02delMVqdBD70a/HSD99FK","dbzQxJKENAYZKMGg/0hZzS","00e4DI/wlKX6qlsQHRfLqo","d3cIGXjnZFuYtQ1FA8tscC","b1ByNnlzFKk5VrYOPiyNyO","beHuHd5A1MpbCyOtd/y3P9","47h+uEsVRIIbx5C06wxvNr","6akWtVG99E+pbyUVBjn0+w","76OlHWMbZC75J0XVSi3dgZ","31dyOYhK5DH6xtK1ew1mdi","e97GVMl6JHh5Ml5qEDdSGa","f0BIwQ8D5Ml7nTNQbh1YlS","29FYIk+N1GYaeWH/q1NxQO","78/dcSo/JEdafSAhXCTM6e","1aMvx28L1PZpgPVpKcDKCz","e7q6FL+VZEgLJUjVeDLic/","ffDpHHVcZAhqOfy25Fe4w7","4biHo/beFPC4ZCOjSf0i2S","4akjHT6idPp6Oz20D37w+I","43VxOv2p1BMp18RNpQX/Vj","63Cs7DlGtFyIoNvJBi5v8I","d4NVOJkG9I6b2hwhA4LcIU","ea32WjOaFBh6K3zzS4yxYx","00SViAqixD54rlET9spKpJ","d5YJl3yidL1oe04l+F9uzM","57i+s9g31OoLNXn2FF2gkk","7dWnNYOYdO95Jry8inQVgg","93u2P5heJI+qXs6oddCrFt"],"scenes":{},"redirect":[42,0,46,0,50,0],"deps":["internal"],"packs":{"0b0c2dbd3":[48,47],"022c3330d":[49,10],"0922e6247":[14,12,56,57,54,55,51],"03b4ddc05":[9,45],"04a3a8be4":[52,53],"0f53ecfe6":[73,64,62,59,69,68,67,75,13,70,58,63,76,77,71,74,65,60,72,61,66],"040a07900":[31,30,41,32,18,21,35,15,20,29,40,33,26,36,28,23,17,39,22,37,38,24,34,16,19,25,27]},"name":"resources","importBase":"import","nativeBase":"native","debug":false,"isZip":false,"encrypted":false,"versions":{"import":["022c3330d","d9c2d","03b4ddc05","1efc1","040a07900","7bfd4",7,"73c69","04a3a8be4","ce6c8","0922e6247","05990","0b0c2dbd3","2e0be","0f53ecfe6","61ecc",11,"6c8e7",2,"fb5fb",3,"f73fd",0,"a997c",5,"8b555",6,"470ba",4,"7eeae",43,"43d76",8,"f3f32",1,"38726"],"native":[31,"076ab",2,"93216",30,"33312",41,"e1166",32,"42df8",18,"b0b8d",21,"5a5d6",35,"5641d",14,"6af9d",15,"1de51",20,"90db4",29,"5f1d9",40,"17dd6",33,"aad8e",26,"c06a9",3,"da97f",0,"06a6f",5,"c635f",6,"26b05",36,"03cda",28,"e0234",4,"7c11b",23,"66765",17,"3ac4a",39,"b9dd7",22,"33c13",37,"75bce",38,"0b3d1",24,"83fcc",1,"24800",34,"c52c3",16,"3ce86",19,"5ade9",25,"90cf4",27,"17df6"]}}