{"paths":{"0":["audios/出现连线的音效",1],"1":["audios/错误音效",1],"2":["audios/连线消失的音效",1],"3":["audios/胜利的音效",1],"4":["audios/图案变身视频的音效",1],"5":["audios/小团子叽叽喳喳的音效",1],"6":["audios/正确音效",1],"7":["K1-J6动画2-1B-声音完成",0],"8":["prefab/ui/Item/gezi_1",2],"9":["prefab/ui/Item/gezi_2",2],"10":["prefab/ui/Item/levelProgress",2],"11":["prefab/ui/Item/role",2],"12":["prefab/ui/Item/titleBoard",2],"13":["prefab/ui/panel/GamePanel",2],"14":["prefab/ui/panel/TeacherPanel",2]},"types":["cc.Asset","cc.AudioClip","cc.Prefab"],"uuids":["8dlvpJv0NEiYKB7hCLsABT","b44IISFHFK0oDfZxCW6nW4","10zEhDVqhNNqbmbThjDx/s","76lFRo5CNBjYO/5jW0ZWgr","a0PsVS6pxMtoyDq3NBVbjy","90kIwwXNhMOImOb13yVSBK","95LFrPfEJJ24sZojn6Pctr","eaSyVIodNGjY8JIwDYLd6S","04Gtpw4TpN24GlhgxB+Xh9","a5VyZVY3ZLqowUMzJlzhsg","07P9T3TBFNdbKyrQ+qqpoR","20Bd6K5pxOhbzKJM/cNGLA","0fXsoQE5xNN49CN5F+6BzR","32+FX7rEVKcJkkZSzITPiN","62rz3SUm9N9oHvw7KM9Kh5","ecpdLyjvZBwrvm+cedCcQy","a2MjXRFdtLlYQ5ouAFv/+R","7a/QZLET9IDreTiBfRn2PD","0aCs4Y9d5CbriPJW8Wfx4U","2auoJYJ4pJ2I0/n84Jc4xZ","267bpFcDJJuqKXF1oakmjB","da6XXKEllLV71Kk+IY18gs","b4P/PCArtIdIH38t6mlw8Y","71VhFCTINJM6/Ky3oX9nBT","e8Ueib+qJEhL6mXAHdnwbi","ed0hW5J5ZKBar1gflskoHO","9dYAAftfRHJqYpJlnj3tC4","56fc2Ai/RFNYpaMT8crweK","dc7YmlGrlOZYA8oFOnAJk5","23X6QW08BPTryYm2PqpAqy","21Aqf7TVlLBYPIGJPAhxx2","17+c+sUxFMToUqNEeJjg/f","05uVISvotL3LitrZ4GxMco","afxN/9gI9HcLaA3Fgl9eyU","5aRhBO2QBBT7ZMbIno8wCy","9cZG/YuLlKr5AA5dA1T05i","26Sv2Fr5xF5Zg8EaysIPL/","c3EvtW209DVINz2a+YlSDr","b1uG6EevZJmImK+hd7yCpq","a63SgNiJ1ACKOrTfORcPab","2aN1fdLhBG8r9XFUq/ZcP2","58MfI42OJASKcPaEj0RgZp","a4nSUj/MND96t5etO/gu9B","34fiXw7WVKLqJb+LJyMxQC","254gRKuq5HuJpLT2P6Q5GQ","a1QGhClONO066OqPeyF6f8","acyiDWCYNGfItmbpQe7VzS","6eBWFz0oVHPLIGQKf/9Thu","1b36c3b69","81IUWcisVCl5pQ0hqq8L81","76OlHWMbZC75J0XVSi3dgZ","31dyOYhK5DH6xtK1ew1mdi","e97GVMl6JHh5Ml5qEDdSGa","f0BIwQ8D5Ml7nTNQbh1YlS","29FYIk+N1GYaeWH/q1NxQO","78/dcSo/JEdafSAhXCTM6e","1aMvx28L1PZpgPVpKcDKCz","e7q6FL+VZEgLJUjVeDLic/","ffDpHHVcZAhqOfy25Fe4w7","00e4DI/wlKX6qlsQHRfLqo","d3cIGXjnZFuYtQ1FA8tscC","4biHo/beFPC4ZCOjSf0i2S","4akjHT6idPp6Oz20D37w+I","43VxOv2p1BMp18RNpQX/Vj","63Cs7DlGtFyIoNvJBi5v8I","d4NVOJkG9I6b2hwhA4LcIU","ea32WjOaFBh6K3zzS4yxYx","00SViAqixD54rlET9spKpJ","d5YJl3yidL1oe04l+F9uzM","57i+s9g31OoLNXn2FF2gkk","7dWnNYOYdO95Jry8inQVgg","93u2P5heJI+qXs6oddCrFt","d5ul8M6vpKEpuc981aVRYt","47t8O2AQJMm5ti7zYMym9W","dbzQxJKENAYZKMGg/0hZzS","b1ByNnlzFKk5VrYOPiyNyO","beHuHd5A1MpbCyOtd/y3P9","47h+uEsVRIIbx5C06wxvNr","6akWtVG99E+pbyUVBjn0+w","8c20Sso/ZEn7NUfNSM+EBh","02delMVqdBD70a/HSD99FK"],"scenes":{},"redirect":[15,0,17,0,80,0],"deps":["internal"],"packs":{"022c3330d":[18,11],"0b0c2dbd3":[73,72],"0b346baa2":[20,13,77,78,79,75,76,74,7],"03b4ddc05":[10,49],"04a3a8be4":[59,60],"0f53ecfe6":[67,56,54,51,63,62,61,69,14,64,50,55,70,71,65,68,57,52,66,53,58],"0c7cabc65":[32,31,48,30,29,44,36,40,43,27,41,34,47,23,35,26,45,42,39,46,33,38,22,37,21,28,24,25]},"name":"resources","importBase":"import","nativeBase":"native","debug":false,"isZip":false,"encrypted":false,"versions":{"import":["022c3330d","dc41f","03b4ddc05","1efc1",8,"73c69","04a3a8be4","ce6c8","0b0c2dbd3","2e0be","0b346baa2","a042d","0c7cabc65","f5643","0f53ecfe6","61ecc",12,"6c8e7",2,"fb5fb",3,"f73fd",0,"a997c",5,"8b555",6,"470ba",4,"7eeae",16,"43d76",9,"f3f32",1,"38726"],"native":[32,"076ab",2,"93216",31,"33312",48,"e1166",30,"42df8",29,"b0b8d",44,"5a5d6",36,"5641d",20,"6af9d",40,"1de51",43,"90db4",27,"5f1d9",41,"17dd6",34,"aad8e",47,"6d3cf",23,"c06a9",3,"da97f",0,"06a6f",5,"c635f",6,"26b05",35,"03cda",26,"e0234",4,"7c11b",45,"66765",42,"3ac4a",39,"b9dd7",46,"33c13",33,"75bce",38,"0b3d1",22,"83fcc",1,"24800",37,"c52c3",21,"3ce86",28,"5ade9",24,"90cf4",7,"ce13c",25,"17df6"]}}