[1,["ecpdLyjvZBwrvm+cedCcQy","e7q6FL+VZEgLJUjVeDLic/","1aMvx28L1PZpgPVpKcDKCz","31dyOYhK5DH6xtK1ew1mdi","1b36c3b69","76OlHWMbZC75J0XVSi3dgZ","e97GVMl6JHh5Ml5qEDdSGa","f0BIwQ8D5Ml7nTNQbh1YlS","29FYIk+N1GYaeWH/q1NxQO","4biHo/beFPC4ZCOjSf0i2S","4akjHT6idPp6Oz20D37w+I","43VxOv2p1BMp18RNpQX/Vj","26Sv2Fr5xF5Zg8EaysIPL/","9dYAAftfRHJqYpJlnj3tC4","71VhFCTINJM6/Ky3oX9nBT","05uVISvotL3LitrZ4GxMco","21Aqf7TVlLBYPIGJPAhxx2","17+c+sUxFMToUqNEeJjg/f","a63SgNiJ1ACKOrTfORcPab","78/dcSo/JEdafSAhXCTM6e","00e4DI/wlKX6qlsQHRfLqo","d3cIGXjnZFuYtQ1FA8tscC","63Cs7DlGtFyIoNvJBi5v8I","d4NVOJkG9I6b2hwhA4LcIU","ea32WjOaFBh6K3zzS4yxYx","00SViAqixD54rlET9spKpJ","d5YJl3yidL1oe04l+F9uzM","57i+s9g31OoLNXn2FF2gkk","7dWnNYOYdO95Jry8inQVgg","a2MjXRFdtLlYQ5ouAFv/+R","7a/QZLET9IDreTiBfRn2PD","93u2P5heJI+qXs6oddCrFt","04Gtpw4TpN24GlhgxB+Xh9","a5VyZVY3ZLqowUMzJlzhsg","ffDpHHVcZAhqOfy25Fe4w7","5aRhBO2QBBT7ZMbIno8wCy","b1uG6EevZJmImK+hd7yCpq","58MfI42OJASKcPaEj0RgZp","9cZG/YuLlKr5AA5dA1T05i","c3EvtW209DVINz2a+YlSDr","56fc2Ai/RFNYpaMT8crweK","b4P/PCArtIdIH38t6mlw8Y","afxN/9gI9HcLaA3Fgl9eyU","e8Ueib+qJEhL6mXAHdnwbi","ed0hW5J5ZKBar1gflskoHO"],["node","_spriteFrame","_parent","_textureSetter","checkMark","_N$target","_N$normalSprite","_N$pressedSprite","_N$hoverSprite","_N$disabledSprite","root","mask_3","mask_2","mask_1","gezi_2","gezi_1","tigan_edit","toggle_geziSize","toggle_needEnd","toggle_titleAudio","toggle_replay","toggle_stars","data","_N$skeletonData","gezi_prefab_1","gezi_prefab_2"],[["cc.Node",["_name","_active","_opacity","_objFlags","_prefab","_components","_contentSize","_parent","_children","_trs","_color","_anchorPoint"],-1,4,9,5,1,2,7,5,5],"cc.SpriteFrame",["cc.Label",["_string","_N$verticalAlign","_N$horizontalAlign","_fontSize","_lineHeight","_N$overflow","_enableWrapText","node","_materials"],-4,1,3],["cc.Widget",["_alignFlags","_originalWidth","_originalHeight","alignMode","_left","_top","_bottom","_right","node"],-5,1],["cc.Sprite",["_sizeMode","_isTrimmedMode","_type","node","_materials","_spriteFrame"],0,1,3,6],["cc.Node",["_name","_objFlags","_active","_parent","_components","_prefab","_contentSize","_anchorPoint","_trs","_children","_color"],0,1,12,4,5,5,7,2,5],["cc.Layout",["_N$layoutType","_N$spacingX","_N$spacingY","_resize","_N$paddingLeft","_N$paddingTop","node","_layoutSize"],-3,1,5],["cc.Node",["_name","_objFlags","_active","_components","_prefab","_contentSize","_parent","_children","_trs"],0,2,4,5,1,2,7],["cc.Node",["_name","_active","_parent","_children","_components","_prefab","_contentSize","_trs"],1,1,12,9,4,5,7],["cc.PrefabInfo",["fileId","root"],2,1],["cc.Toggle",["_N$transition","_N$isChecked","node","_N$normalColor","_N$target","checkMark"],1,1,5,1,1],["cc.Prefab",["_name"],2],["70c27EBmWdPJYtgMQ9dyPZS",["node","toggle_stars","toggle_replay","toggle_titleAudio","toggle_needEnd","toggle_geziSize","tigan_edit","gezi_1","gezi_2","mask_1","mask_2","mask_3","gezi_prefab_1","gezi_prefab_2"],3,1,1,1,1,1,1,1,1,1,1,1,1,6,6],["cc.BlockInputEvents",["node"],3,1],["cc.Button",["_N$transition","node","clickEvents","_N$normalColor","_N$pressedColor","_N$disabledColor","_N$target","_N$normalSprite","_N$pressedSprite","_N$hoverSprite","_N$disabledSprite"],2,1,9,5,5,5,1,6,6,6,6],["cc.ClickEvent",["_componentId","handler","target"],1,1],["e303cf5H7tNgrjtF1rN8MVU",["index","node","rootNode","gezi_1","gezi_2"],2,1,1,1,1],["75b2dk5WVVO7LtxMPb6Uw7K",["node"],3,1],["cc.ToggleContainer",["node","checkEvents"],3,1,9],["cc.EditBox",["maxLength","node","textChanged","editingDidEnded","_N$textLabel","_N$placeholderLabel","_N$background"],2,1,9,9,1,1,1],["sp.Skeleton",["defaultSkin","defaultAnimation","_preCacheMode","_animationName","node","_materials","_N$skeletonData"],-1,1,3,6],["sp.SkeletonData",["_name","_atlasText","textureNames","_skeletonJson","textures"],-1,3]],[[9,0,1,2],[0,0,7,5,4,10,6,9,2],[0,0,8,5,4,6,9,2],[4,3,4,5,1],[0,0,7,5,4,6,9,2],[4,0,1,3,4,5,3],[15,0,1,2,3],[0,0,3,7,8,5,4,6,9,3],[4,0,3,4,5,2],[4,0,1,3,4,3],[6,3,0,1,6,7,4],[2,0,2,1,7,8,4],[16,0,1,2,3,4,2],[6,3,0,6,7,3],[2,0,4,2,1,7,8,5],[0,0,7,8,4,2],[7,0,1,6,3,4,5,3],[7,0,1,2,6,3,4,5,4],[13,0,1],[10,0,2,3,4,5,2],[10,0,1,2,3,4,5,3],[18,0,1,1],[0,0,7,5,4,6,2],[0,0,3,7,5,4,6,3],[3,0,4,8,3],[2,0,3,4,2,1,7,8,6],[0,0,8,5,4,6,2],[0,0,7,8,5,4,6,11,9,2],[0,0,7,8,5,4,6,9,2],[0,0,1,2,7,5,4,10,6,9,4],[5,0,3,9,4,5,6,7,8,2],[7,0,7,3,4,5,8,2],[4,2,0,3,4,5,3],[2,0,3,4,6,2,1,5,7,8,8],[14,0,1,2,3,4,5,6,7,8,9,10,2],[0,0,8,4,2],[0,0,5,4,6,9,2],[0,0,7,4,6,9,2],[0,0,7,5,4,10,6,2],[3,3,0,1,2,8,5],[3,3,0,4,7,1,2,8,7],[3,0,8,2],[3,0,1,2,8,4],[3,3,0,4,1,2,8,6],[4,0,1,3,3],[11,0,2],[0,0,7,8,5,4,10,6,2],[0,0,8,5,4,10,6,9,2],[0,0,1,8,5,4,6,3],[0,0,7,5,4,10,6,11,9,2],[0,0,1,7,8,5,4,6,3],[0,0,2,7,8,5,4,10,3],[0,0,1,7,5,4,10,6,9,3],[0,0,2,7,5,4,10,6,3],[5,0,1,3,4,5,6,3],[5,0,1,2,3,4,5,6,7,8,4],[5,0,1,3,4,5,10,6,7,8,3],[8,0,2,3,4,5,6,7,2],[8,0,1,2,3,4,5,6,7,3],[12,0,1,2,3,4,5,6,7,8,9,10,11,12,13,1],[9,1,1],[6,0,4,5,1,2,6,6],[6,0,1,2,6,7,4],[3,0,5,6,1,2,8,6],[4,2,0,3,4,3],[2,0,1,7,8,3],[2,4,5,7,8,3],[2,3,4,5,7,8,4],[2,0,3,2,1,7,8,5],[2,0,3,2,1,5,7,8,6],[17,0,1],[19,0,1,2,3,4,5,6,2],[20,0,1,2,3,4,5,6,5],[21,0,1,2,3,4,5]],[[[{"name":"img_naiyou","rect":[0,1,160,117],"offset":[-0.5,-0.5],"originalSize":[161,118],"capInsets":[0,0,0,0]}],[1],0,[0],[3],[12]],[[{"name":"default_radio_button_on","rect":[1,1,30,30],"offset":[0,0],"originalSize":[32,32],"capInsets":[0,0,0,0]}],[1],0,[0],[3],[13]],[[{"name":"default_btn_disabled","rect":[0,0,40,40],"offset":[0,0],"originalSize":[40,40],"capInsets":[12,12,12,12]}],[1],0,[0],[3],[14]],[[{"name":"btn01","rect":[3,477,50,50],"offset":[0,0],"originalSize":[50,50],"capInsets":[24,23,24,23]}],[1],0,[0],[3],[4]],[[{"name":"图层 2","rect":[0,0,786,276],"offset":[0,0],"originalSize":[786,276],"capInsets":[0,0,0,0]}],[1],0,[0],[3],[15]],[[{"name":"图层 1 拷贝","rect":[0,0,566,288],"offset":[0,0],"originalSize":[566,288],"capInsets":[0,0,0,0]}],[1],0,[0],[3],[16]],[[{"name":"图层 1","rect":[0,0,566,288],"offset":[0,0],"originalSize":[566,288],"capInsets":[0,0,0,0]}],[1],0,[0],[3],[17]],[[{"name":"img_caomei","rect":[0,0,71,77],"offset":[0,0],"originalSize":[71,77],"capInsets":[0,0,0,0]}],[1],0,[0],[3],[18]],[[[45,"TeacherPanel"],[26,"TeacherPanel",[-15,-16],[[59,-13,-12,-11,-10,-9,-8,-7,-6,-5,-4,-3,-2,112,113],[18,-14]],[60,-1],[5,2048,1152]],[35,"option_node",[-17,-18,-19,-20,-21,-22,-23],[0,"04wa7BoRtAlKWXxWewrscM",1]],[36,"gezi_1",[[61,3,5,2,6.5,6,-24]],[0,"ae8rS/eh9LSbBYdvTF34lh",1],[5,652,648],[0,-1,0,0,0,0,1,1,1,1]],[36,"gezi_2",[[62,3,5,5,-25,[5,670,664]]],[0,"626WVkKC9LMaV5InaNAb12",1],[5,670,664],[1,2,0,0,0,0,1,1,1,1]],[35,"option",[-26,-27,-28,-29,2,-30,-31,-32],[0,"cdfh5KunhPepUj393DugEw",1]],[26,"node_center",[-34,-35,-36,-37,-38,-39],[[63,45,80,80,2048,800,-33]],[0,"59b6RM2MRJkYKI7yNbwW9P",1],[5,2048,992]],[2,"toggle1",[-44,-45],[[19,3,-42,[4,4292269782],-41,-40],[13,1,1,-43,[5,72,63]]],[0,"3b/yadFA1Lt4x3fIKMOKHD",1],[5,72,63],[36,3,0,0,0,0,1,1,1,0]],[2,"toggle1",[-50,-51],[[20,3,false,-48,[4,4292269782],-47,-46],[13,1,1,-49,[5,72,63]]],[0,"05947k6TlGx7eYE2f33suh",1],[5,72,63],[138,3,0,0,0,0,1,1,1,0]],[2,"toggle1",[-56,-57],[[19,3,-54,[4,4292269782],-53,-52],[13,1,1,-55,[5,72,63]]],[0,"73nrFqsppKY4ytOIb8/FAa",1],[5,72,63],[36,3,0,0,0,0,1,1,1,0]],[2,"toggle1",[-62,-63],[[20,3,false,-60,[4,4292269782],-59,-58],[13,1,1,-61,[5,72,63]]],[0,"b2xRqiRYVCqYL9guZ8GjUa",1],[5,72,63],[138,3,0,0,0,0,1,1,1,0]],[2,"toggle1",[-68,-69],[[19,3,-66,[4,4292269782],-65,-64],[13,1,1,-67,[5,72,63]]],[0,"e5AuXNFzxHI4Ilot/ajsLs",1],[5,72,63],[36,3,0,0,0,0,1,1,1,0]],[2,"toggle1",[-74,-75],[[20,3,false,-72,[4,4292269782],-71,-70],[13,1,1,-73,[5,72,63]]],[0,"cafzn7oG1G2JwKl25/MqEG",1],[5,72,63],[138,3,0,0,0,0,1,1,1,0]],[15,"config",6,[-76,-77,-78,-79,5],[0,"00VY0cHyJJIqAl6WWdsecs",1]],[2,"toggle1",[-83,-84,-85],[[19,3,-82,[4,4292269782],-81,-80]],[0,"39s0qKr7tMNYYZ9oIMhBHu",1],[5,50,50],[-62,3,0,0,0,0,1,1,1,0]],[2,"toggle2",[-89,-90,-91],[[20,3,false,-88,[4,4292269782],-87,-86]],[0,"202Brj2HZKMp5FtsR7izi5",1],[5,50,50],[92.021,3,0,0,0,0,1,1,1,0]],[2,"toggle1",[-95,-96,-97],[[19,3,-94,[4,4292269782],-93,-92]],[0,"2f/Wgy0N1PTIHc4oHjJRw7",1],[5,50,50],[-62,3,0,0,0,0,1,1,1,0]],[2,"toggle2",[-101,-102,-103],[[20,3,false,-100,[4,4292269782],-99,-98]],[0,"30dd88OohO8K3y8mGoXfXs",1],[5,50,50],[136.179,3,0,0,0,0,1,1,1,0]],[46,"bg",1,[-105,6,-106],[[8,0,-104,[106],107]],[0,"3cXgzTM4dJeZv4LsxNnbZA",1],[4,4293914607],[5,2048,1152]],[47,"Background",[-109],[[32,1,0,-107,[5],6],[39,0,45,100,40,-108]],[0,"a5/Hi5mCNLWpRrp9pJAzzg",1],[4,4292407642],[5,160,80],[0,0,0,0,0,0,1,1,1,0]],[2,"Background",[-112],[[32,1,0,-110,[12],13],[40,0,45,-0.5,-0.5,100,40,-111]],[0,"edO36nhI9JLrsP9kJ3mOU4",1],[5,161,80],[0,0,0,0,0,0,1,1,1,0]],[27,"node_star",6,[-115,-116],[[10,1,1,20,-113,[5,509.67,60]],[24,9,20,-114]],[0,"3aafHjbLNCMpxWzebkwD1S",1],[5,509.67,60],[0,0,0.5],[-1004,466,0,0,0,0,1,1,1,1]],[30,"toggleContainer_star",21,[7,8],[[-117,[10,1,1,30,-118,[5,174,63]]],1,4],[0,"0ds0pjjqtKL7sVkdSTtC+K",1],[5,174,63],[0,0,0.5],[335.67,-2.52,0,0,0,0,1,1,1,1]],[27,"node_replay",6,[-121,-122],[[10,1,1,20,-119,[5,369,60]],[24,9,610,-120]],[0,"2f5yIeC5RKuqS6ll3UEAdL",1],[5,369,60],[0,0,0.5],[-414,466,0,0,0,0,1,1,1,1]],[30,"toggleContainer_replay",23,[9,10],[[-123,[10,1,1,30,-124,[5,174,63]]],1,4],[0,"49YFy0WH1PYLb/Fnqw9ggy",1],[5,174,63],[0,0,0.5],[195,-2.52,0,0,0,0,1,1,1,1]],[27,"node_titleAudio",6,[-127,-128],[[10,1,1,20,-125,[5,579,60]],[24,9,1037.804,-126]],[0,"bfdBFGKKRE4JrIlHh0gejk",1],[5,579,60],[0,0,0.5],[13.804000000000087,466,0,0,0,0,1,1,1,1]],[30,"toggleContainer_titleAudio",25,[11,12],[[-129,[10,1,1,30,-130,[5,174,63]]],1,4],[0,"4eiAxtNs9OC6WgnTVbU23h",1],[5,174,63],[0,0,0.5],[405,-2.52,0,0,0,0,1,1,1,1]],[31,"New EditBox",[-132,-133,-134],[-131],[0,"f08mbPh0dCh6ZBgtctF7J9",1],[5,691,214],[-601,63,0,0,0,0,1,1,1,1]],[26,"Background",[-137],[[32,1,0,-135,[100],101],[40,0,45,-0.5,-0.5,100,40,-136]],[0,"07kfEepqBJ/btKbJNsKVkm",1],[5,161,60]],[7,"node_top",512,18,[-139,-140],[[41,41,-138]],[0,"11A2JQ0iBOaJWgLEqv2iug",1],[5,2048,80],[0,536,0,0,0,0,1,1,1,1]],[28,"New Node",6,[-142,-143],[[10,1,1,200,-141,[5,520,200]]],[0,"cbbAchvDROpKeDAxhzqCrv",1],[5,520,200],[0,-422.154,0,0,0,0,1,1,1,1]],[31,"jiesuan_ToggleContainer",[14,15],[-144],[0,"0c+ACKFL1Hj7pxCM7Fonx8",1],[5,221,61],[-539.385,361,0,0,0,0,1,1,1,1]],[31,"New ToggleContainer",[16,17],[-145],[0,"86VUOFHclKG5jQBU6p1kaR",1],[5,221,61],[-536.798,290,0,0,0,0,1,1,1,1]],[15,"gezi",13,[-146,-147,-148],[0,"cc7MYwEX5HwbmKCMQEIM8x",1]],[57,"img_5_5biaoge",33,[[[37,"draw_node",-150,[0,"5bOFgwkqdFiZYsG/Ct7CF2",1],[5,652,648],[0,-1,0,0,0,0,1,1,1,1]],3],4,1],[[8,0,-149,[66],67]],[0,"18FwIpdeRN2rN8TsBtG1Mp",1],[5,700,700],[518.254,0,0,0,0,0,1,1,1,1]],[58,"img_6_6biaoge",false,33,[[[37,"draw_node",-152,[0,"ddBQ5PnINOFYDTy1NOrfLy",1],[5,670,664],[1,1,0,0,0,0,1,1,1,1]],4],4,1],[[8,0,-151,[68],69]],[0,"ecAsKCjzdBgoV/KtzZ4EYG",1],[5,700,700],[521.406,0,0,0,0,0,1,1,1,1]],[29,"mask_1",false,100,5,[[3,-153,[91],92],[18,-154]],[0,"19U2l/dmxErL7dtsZKkvQI",1],[4,4278190080],[5,566,288],[-810.403,-255,0,0,0,0,1,0.5,0.5,1]],[29,"mask_2",false,100,5,[[3,-155,[93],94],[18,-156]],[0,"5esYx4mMJAFL2UqrRi3fZG",1],[4,4278190080],[5,566,288],[-528.398,-255,0,0,0,0,1,0.5,0.5,1]],[29,"mask_3",false,100,5,[[8,0,-157,[95],96],[18,-158]],[0,"8bV7cX0vdDxZrcNOsW6K1z",1],[4,4278190080],[5,786,288],[-191.329,-255,0,0,0,0,1,0.5,0.5,1]],[7,"node_bottom",512,18,[-160,-161],[[41,44,-159]],[0,"50fwDQYrpJfI3gy1OxXfhZ",1],[5,2048,80],[0,-536,0,0,0,0,1,1,1,1]],[48,"_nd_panel",false,[-163,-164],[[18,-162]],[0,"3a+UBTC8VA5rfwrJ4q+FH5",1],[5,2048,1152]],[38,"singleColor",29,[[8,0,-165,[0],1],[42,45,2,2,-166]],[0,"7de09oS+FA7r4+M2OExt8d",1],[4,4292335575],[5,2048,80]],[49,"label_title",29,[[65,"题目信息",1,-167,[2]],[24,8,20,-168]],[0,"65+vniGBhLeLhqj+2t91Fq",1],[4,4278190080],[5,160,50.4],[0,0,0.5],[-1004,0,0,0,0,0,1,1,1,1]],[28,"_btn_save",30,[19],[[34,3,-169,[[6,"70c27EBmWdPJYtgMQ9dyPZS","onBtnSaveClicked",1]],[4,4293322470],[4,4291348680],[4,3363338360],19,7,8,9,10]],[0,"08eTXfDsxJP5XWwX4r1ICd",1],[5,160,80],[-180,0,0,0,0,0,1,1,1,1]],[28,"_btn_view",30,[20],[[34,3,-170,[[6,"70c27EBmWdPJYtgMQ9dyPZS","onBtnViewClicked",1]],[4,4293322470],[4,4291348680],[4,3363338360],20,14,15,16,17]],[0,"06o5QRCT1AVZLMXv9lOb1a",1],[5,160,80],[180,0,0,0,0,0,1,1,1,1]],[7,"Background",512,7,[-172],[[5,2,false,-171,[20],21]],[0,"33i+1wKb9C8aVmGpFeXuQP",1],[5,32,32],[-20,0,0,0,0,0,1,1,1,1]],[7,"Background",512,8,[-174],[[5,2,false,-173,[24],25]],[0,"79TjD7xf9KqYH8NsCIWFdp",1],[5,32,32],[-20,0,0,0,0,0,1,1,1,1]],[7,"Background",512,9,[-176],[[5,2,false,-175,[29],30]],[0,"85X52AUQRKGpWuUnQt4UKz",1],[5,32,32],[-20,0,0,0,0,0,1,1,1,1]],[7,"Background",512,10,[-178],[[5,2,false,-177,[33],34]],[0,"e7bK7AmEVO5pG/bw1DlVVI",1],[5,32,32],[-20,0,0,0,0,0,1,1,1,1]],[7,"Background",512,11,[-180],[[5,2,false,-179,[38],39]],[0,"70ZzOg6KVJD6OBMhr/+x3S",1],[5,32,32],[-20,0,0,0,0,0,1,1,1,1]],[7,"Background",512,12,[-182],[[5,2,false,-181,[42],43]],[0,"cf2dAMQr5JHJjWXdBUM79k",1],[5,32,32],[-20,0,0,0,0,0,1,1,1,1]],[15,"jiesuan",13,[-183,31],[0,"damHCKocFHgYP9FPWeFJEt",1]],[15,"geziSize",13,[-184,32],[0,"e7ndQKxlJOHofeJ1g9z6JJ",1]],[15,"tigan",13,[-185,27],[0,"4duWBdDKpHl7AazcViea+J",1]],[54,"BACKGROUND_SPRITE",512,27,[[-186,[39,0,45,160,40,-187]],1,4],[0,"d0HT/lMTxCOoyFcYQRiYtO",1],[5,691,214]],[55,"TEXT_LABEL",512,false,27,[[-188,[43,0,45,2,158,40,-189]],1,4],[0,"346T/7RXBOVJehIPnQE1Qv",1],[5,689,214],[0,0,1],[-343.5,107,0,0,0,0,1,1,1,1]],[56,"PLACEHOLDER_LABEL",512,27,[[-190,[43,0,45,2,158,40,-191]],1,4],[0,"910AOSMYRLk4oZMHmHINLX",1],[4,4290493371],[5,689,214],[0,0,1],[-343.5,107,0,0,0,0,1,1,1,1]],[4,"1",2,[[3,-192,[77],78],[12,1,-193,2,3,4]],[0,"ecjNx/LyhCaJp35WDQWi2T",1],[5,146,123],[-877.466,-257.117,0,0,0,0,1,0.6,0.6,1]],[4,"2",2,[[3,-194,[79],80],[12,2,-195,2,3,4]],[0,"41HFz0VENI+YtM+8IyUraX",1],[5,157,121],[-749.368,-257.818,0,0,0,0,1,0.6,0.6,1]],[4,"3",2,[[3,-196,[81],82],[12,3,-197,2,3,4]],[0,"4c+XB0aORFHqq+MWtGeRJt",1],[5,144,137],[-590.866,-253.734,0,0,0,0,1,0.6,0.6,1]],[4,"4",2,[[3,-198,[83],84],[12,4,-199,2,3,4]],[0,"d30bt/N41Le5jtTBHZGHuF",1],[5,160,117],[-457.328,-255.425,0,0,0,0,1,0.6,0.6,1]],[4,"5",2,[[3,-200,[85],86],[12,6,-201,2,3,4]],[0,"d776bqVgZJS4TxZrAypQeD",1],[5,207,200],[-324.221,-258.809,0,0,0,0,1,0.5,0.5,1]],[4,"6",2,[[3,-202,[87],88],[12,5,-203,2,3,4]],[0,"62sgcm2olH44NuuyvkI2kc",1],[5,71,77],[-199.593,-253.521,0,0,0,0,1,1.2,1.2,1]],[4,"7",2,[[3,-204,[89],90],[12,7,-205,2,3,4]],[0,"fbS0qNyohDBqWW9IZCxalb",1],[5,241,191],[-70.125,-255.426,0,0,0,0,1,0.5,0.5,1]],[38,"singleColor",39,[[8,0,-206,[97],98],[42,45,2,2,-207]],[0,"77PwX0fu5JfoFenvb8ob9j",1],[4,4292335575],[5,2048,80]],[50,"btnView",false,39,[28],[[34,3,-208,[[6,"70c27EBmWdPJYtgMQ9dyPZS","onBtnViewClicked",1]],[4,4293322470],[4,4291348680],[4,3363338360],28,102,103,104,105]],[0,"e76Cos7ctI5r1e3xMvtuls",1],[5,160,60]],[51,"nd_loading",150,1,[40],[[70,-209]],[0,"c2d/qF5qZDY6vvhJG1XOsJ",1],[4,4278190080]],[52,"label",false,6,[[25,"非配置型课件，直接保存即可。",50,60,1,1,-210,[3]]],[0,"d8M7uIKwFKybNdtR6eBdZM",1],[4,4278190080],[5,700,75.6],[0,136.14500427246094,0,0,0,0,1,1,1,1]],[22,"Label",19,[[33,"保存",45,50,false,1,1,1,-211,[4]]],[0,"a2Bwp2OHlN9IUAJcFtYnbM",1],[5,100,50]],[22,"Label",20,[[33,"预览",45,50,false,1,1,1,-212,[11]]],[0,"ceAuNjA8JFTZpXoSI4ZCKl",1],[5,100,50]],[1,"New Label",21,[[25,"星级评判OverTips：",35,45,1,1,-213,[18]]],[0,"fe9FFJp9hGTrmtaH674fUn",1],[4,4278190080],[5,315.67,56.7],[157.835,0,0,0,0,0,1,1,1,1]],[16,"checkmark",512,45,[-214],[0,"c90/SHaqRL4raNTl4Vh+OE",1],[5,32,32]],[9,2,false,71,[19]],[1,"New Label",7,[[14,"开",50,1,1,-215,[22]]],[0,"fdCyc5ldFA0ZHeftsVKF4o",1],[4,4278190080],[5,40,63],[16,0,0,0,0,0,1,1,1,1]],[17,"checkmark",512,false,46,[-216],[0,"d0spGOgfBMNLFBGLUsJMXB",1],[5,32,32]],[9,2,false,74,[23]],[1,"New Label",8,[[14,"关",50,1,1,-217,[26]]],[0,"5e5qmNMz1DbYtTYSwd6QQv",1],[4,4278190080],[5,40,63],[16,0,0,0,0,0,1,1,1,1]],[21,22,[[6,"70c27EBmWdPJYtgMQ9dyPZS","onToggleStar",1]]],[1,"New Label",23,[[25,"再玩一次：",35,45,1,1,-218,[27]]],[0,"a0QZG99uRC2LybxkhOwwUl",1],[4,4278190080],[5,175,56.7],[87.5,0,0,0,0,0,1,1,1,1]],[16,"checkmark",512,47,[-219],[0,"5d7yJPUHFBD6xBEZqGBsxG",1],[5,32,32]],[9,2,false,79,[28]],[1,"New Label",9,[[14,"是",50,1,1,-220,[31]]],[0,"34LLLB/tFG3qh+b7cdrXAM",1],[4,4278190080],[5,40,63],[16,0,0,0,0,0,1,1,1,1]],[17,"checkmark",512,false,48,[-221],[0,"b1Xi0uDhxPko+JBquoAGk5",1],[5,32,32]],[9,2,false,82,[32]],[1,"New Label",10,[[14,"否",50,1,1,-222,[35]]],[0,"d6g4FPiZ1ACoTBBvzRpBdd",1],[4,4278190080],[5,40,63],[16,0,0,0,0,0,1,1,1,1]],[21,24,[[6,"70c27EBmWdPJYtgMQ9dyPZS","onToggleReplay",1]]],[1,"New Label",25,[[25,"是否自动播放题干语音：",35,45,1,1,-223,[36]]],[0,"e4m8mcj+RKvpFvYFuVgVqj",1],[4,4278190080],[5,385,56.7],[192.5,0,0,0,0,0,1,1,1,1]],[16,"checkmark",512,49,[-224],[0,"69N4f0+xNES6zntNyHUX8u",1],[5,32,32]],[9,2,false,87,[37]],[1,"New Label",11,[[14,"是",50,1,1,-225,[40]]],[0,"891WHUcgxCtKWtbdqyBNXu",1],[4,4278190080],[5,40,63],[16,0,0,0,0,0,1,1,1,1]],[17,"checkmark",512,false,50,[-226],[0,"0a7yYKRu1DSIFvoFru1fWP",1],[5,32,32]],[9,2,false,90,[41]],[1,"New Label",12,[[14,"否",50,1,1,-227,[44]]],[0,"61Gh1qi0lOjKxSzzeWwOAE",1],[4,4278190080],[5,40,63],[16,0,0,0,0,0,1,1,1,1]],[21,26,[[6,"70c27EBmWdPJYtgMQ9dyPZS","onToggleTitleAudio",1]]],[1,"New Label",51,[[11,"是否需要结算：",1,1,-228,[45]]],[0,"93pX2tXl9NE7eWz6xjgxQA",1],[4,4278190080],[5,280,50.4],[-805.082,361,0,0,0,0,1,1,1,1]],[23,"Background",512,14,[[5,2,false,-229,[46],47]],[0,"99gwGT+BlBPJ+K3SygJMmo",1],[5,32,32]],[16,"checkmark",512,14,[-230],[0,"5cIXs7VP9K5434X5d2uvnh",1],[5,32,32]],[9,2,false,96,[48]],[1,"New Label",14,[[11,"是",1,1,-231,[49]]],[0,"05RKNAuGhH5KjfvMyCbGtc",1],[4,4278190080],[5,40,50.4],[48.266,0,0,0,0,0,1,1,1,1]],[23,"Background",512,15,[[5,2,false,-232,[50],51]],[0,"1dLYIo8p1D4YMRjO5Nh0Q8",1],[5,32,32]],[17,"checkmark",512,false,15,[-233],[0,"36etyT9iJAhrMQbhUoIB5g",1],[5,32,32]],[44,2,false,100],[1,"New Label",15,[[11,"否",1,1,-234,[52]]],[0,"b7t1nX8EpESqLrz744qI25",1],[4,4278190080],[5,40,50.4],[48.266,0,0,0,0,0,1,1,1,1]],[21,31,[[6,"70c27EBmWdPJYtgMQ9dyPZS","onToggleNeedEnd",1]]],[1,"New Label",52,[[11,"请选择格子大小：",1,1,-235,[53]]],[0,"dcQkbfj0pF57m+55ODbbME",1],[4,4278190080],[5,320,50.4],[-785.431,290,0,0,0,0,1,1,1,1]],[23,"Background",512,16,[[5,2,false,-236,[54],55]],[0,"8ehdiKkS5B7pRr/p/KQoCj",1],[5,32,32]],[16,"checkmark",512,16,[-237],[0,"1aWp2zJYZCJrukNeBxeuox",1],[5,32,32]],[9,2,false,106,[56]],[1,"New Label",16,[[11,"5X5",1,1,-238,[57]]],[0,"fbVW6Ppd1NF6NtlCWsh/NR",1],[4,4278190080],[5,71.17,50.4],[71.918,0,0,0,0,0,1,1,1,1]],[23,"Background",512,17,[[5,2,false,-239,[58],59]],[0,"fbV4DKiuNIuoNA4XszvkQm",1],[5,32,32]],[17,"checkmark",512,false,17,[-240],[0,"d0lmISX1VITJuDoUTbJloB",1],[5,32,32]],[44,2,false,110],[1,"New Label",17,[[11,"6X6",1,1,-241,[60]]],[0,"15trLTDvJMk4fAu2hJODK8",1],[4,4278190080],[5,71.17,50.4],[71.918,0,0,0,0,0,1,1,1,1]],[21,32,[[6,"70c27EBmWdPJYtgMQ9dyPZS","onToggleGeziSize",1]]],[1,"New Label",53,[[11,"请编辑题干：",1,1,-242,[61]]],[0,"99OE5Cyy1NVr3syY4m/Fkj",1],[4,4278190080],[5,240,50.4],[-827.174,218.211,0,0,0,0,1,1,1,1]],[64,1,0,54,[62]],[66,50,1,55,[63]],[67,20,25,1,56,[64]],[71,30,27,[[6,"70c27EBmWdPJYtgMQ9dyPZS","onHandleTiganChanged",1]],[[6,"70c27EBmWdPJYtgMQ9dyPZS","onHanleTiganEnd",1]],116,117,115],[1,"New Label",33,[[68,"请将左下方图片拖拽至相应的位置，并点击连线",35,1,1,-243,[65]]],[0,"2dHXZJCPlNQ7XPSFV3mLEG",1],[4,4278190080],[5,735,50.4],[514.842,372.769,0,0,0,0,1,1,1,1]],[1,"New Label",5,[[69,"（只能同时选择一组图片，第一组和第二组可以连线一次，第三组如果是最后一个图案可以链接两次）",35,1,1,3,-244,[70]]],[0,"98Sj3+JoxENaUAUwAa095/",1],[4,4278190080],[5,900,90.39999999999999],[-554.475,-103.093,0,0,0,0,1,1,1,1]],[4,"图层 1",5,[[3,-245,[71],72]],[0,"90G5pqd9FG26FLDsRQa6zF",1],[5,566,288],[-810.403,-255,0,0,0,0,1,0.5,0.5,1]],[4,"图层 1 拷贝",5,[[3,-246,[73],74]],[0,"38L2Hg5fdLDIfxk+RoEXBK",1],[5,566,288],[-528.398,-255,0,0,0,0,1,0.5,0.5,1]],[4,"图层 2",5,[[8,0,-247,[75],76]],[0,"fdGFm79J5Omp21Efu0Um3j",1],[5,786,288],[-191.329,-255,0,0,0,0,1,0.5,0.5,1]],[22,"Label",28,[[33,"检测",45,50,false,1,1,1,-248,[99]]],[0,"2bXPmAUNlJ+qQAQr3fH4Sr",1],[5,100,50]],[53,"img_bg",150,40,[[8,0,-249,[108],109]],[0,"aefYLshfJBm7KFlC57tvR4",1],[4,4278190080],[5,2048,1152]],[22,"sp_loading",40,[[72,"default","animation",0,"animation",-250,[110],111]],[0,"e3+YmUkHpJZ6KxOVMLgzVn",1],[5,36,36]]],0,[0,10,1,0,11,38,0,12,37,0,13,36,0,14,4,0,15,3,0,16,118,0,17,113,0,18,103,0,19,93,0,20,85,0,21,77,0,0,1,0,0,1,0,-1,18,0,-2,66,0,-1,57,0,-2,58,0,-3,59,0,-4,60,0,-5,61,0,-6,62,0,-7,63,0,0,3,0,0,4,0,-1,120,0,-2,121,0,-3,122,0,-4,123,0,-6,36,0,-7,37,0,-8,38,0,0,6,0,-1,67,0,-2,30,0,-3,21,0,-4,23,0,-5,25,0,-6,13,0,4,72,0,5,7,0,0,7,0,0,7,0,-1,45,0,-2,73,0,4,75,0,5,8,0,0,8,0,0,8,0,-1,46,0,-2,76,0,4,80,0,5,9,0,0,9,0,0,9,0,-1,47,0,-2,81,0,4,83,0,5,10,0,0,10,0,0,10,0,-1,48,0,-2,84,0,4,88,0,5,11,0,0,11,0,0,11,0,-1,49,0,-2,89,0,4,91,0,5,12,0,0,12,0,0,12,0,-1,50,0,-2,92,0,-1,51,0,-2,52,0,-3,53,0,-4,33,0,4,97,0,5,14,0,0,14,0,-1,95,0,-2,96,0,-3,98,0,4,101,0,5,15,0,0,15,0,-1,99,0,-2,100,0,-3,102,0,4,107,0,5,16,0,0,16,0,-1,105,0,-2,106,0,-3,108,0,4,111,0,5,17,0,0,17,0,-1,109,0,-2,110,0,-3,112,0,0,18,0,-1,29,0,-3,39,0,0,19,0,0,19,0,-1,68,0,0,20,0,0,20,0,-1,69,0,0,21,0,0,21,0,-1,70,0,-2,22,0,-1,77,0,0,22,0,0,23,0,0,23,0,-1,78,0,-2,24,0,-1,85,0,0,24,0,0,25,0,0,25,0,-1,86,0,-2,26,0,-1,93,0,0,26,0,-1,118,0,-1,54,0,-2,55,0,-3,56,0,0,28,0,0,28,0,-1,124,0,0,29,0,-1,41,0,-2,42,0,0,30,0,-1,43,0,-2,44,0,-1,103,0,-1,113,0,-1,119,0,-2,34,0,-3,35,0,0,34,0,2,34,0,0,35,0,2,35,0,0,36,0,0,36,0,0,37,0,0,37,0,0,38,0,0,38,0,0,39,0,-1,64,0,-2,65,0,0,40,0,-1,125,0,-2,126,0,0,41,0,0,41,0,0,42,0,0,42,0,0,43,0,0,44,0,0,45,0,-1,71,0,0,46,0,-1,74,0,0,47,0,-1,79,0,0,48,0,-1,82,0,0,49,0,-1,87,0,0,50,0,-1,90,0,-1,94,0,-1,104,0,-1,114,0,-1,115,0,0,54,0,-1,116,0,0,55,0,-1,117,0,0,56,0,0,57,0,0,57,0,0,58,0,0,58,0,0,59,0,0,59,0,0,60,0,0,60,0,0,61,0,0,61,0,0,62,0,0,62,0,0,63,0,0,63,0,0,64,0,0,64,0,0,65,0,0,66,0,0,67,0,0,68,0,0,69,0,0,70,0,-1,72,0,0,73,0,-1,75,0,0,76,0,0,78,0,-1,80,0,0,81,0,-1,83,0,0,84,0,0,86,0,-1,88,0,0,89,0,-1,91,0,0,92,0,0,94,0,0,95,0,-1,97,0,0,98,0,0,99,0,-1,101,0,0,102,0,0,104,0,0,105,0,-1,107,0,0,108,0,0,109,0,-1,111,0,0,112,0,0,114,0,0,119,0,0,120,0,0,121,0,0,122,0,0,123,0,0,124,0,0,125,0,0,126,0,22,1,2,2,5,3,2,34,4,2,35,5,2,13,6,2,18,7,2,22,8,2,22,9,2,24,10,2,24,11,2,26,12,2,26,14,2,31,15,2,31,16,2,32,17,2,32,19,2,43,20,2,44,27,2,53,28,2,65,31,2,51,32,2,52,40,2,66,250],[0,0,0,0,0,0,0,0,0,0,0,0,0,0,0,0,0,0,0,0,0,0,0,0,0,0,0,0,0,0,0,0,0,0,0,0,0,0,0,0,0,0,0,0,0,0,0,0,0,0,0,0,0,0,0,0,0,0,0,0,0,0,0,0,0,0,0,0,0,0,0,0,0,0,0,0,0,0,0,0,0,0,0,0,0,0,0,0,0,0,0,0,0,0,0,0,0,0,0,0,0,0,0,0,0,0,0,0,0,0,0,0,0,0,72,75,80,83,88,91,97,101,107,111,115],[-1,1,-1,-1,-1,-1,1,6,7,8,9,-1,-1,1,6,7,8,9,-1,-1,-1,1,-1,-1,-1,1,-1,-1,-1,-1,1,-1,-1,-1,1,-1,-1,-1,-1,1,-1,-1,-1,1,-1,-1,-1,1,-1,-1,-1,1,-1,-1,-1,1,-1,-1,-1,1,-1,-1,-1,-1,-1,-1,-1,1,-1,1,-1,-1,1,-1,1,-1,1,-1,1,-1,1,-1,1,-1,1,-1,1,-1,1,-1,1,-1,1,-1,1,-1,1,-1,1,-1,-1,1,6,7,8,9,-1,1,-1,1,-1,23,24,25,1,1,1,1,1,1,1,1,1,1,1],[0,5,0,0,0,0,3,3,6,7,8,0,0,19,3,6,7,8,0,0,0,1,0,0,0,1,0,0,0,0,1,0,0,0,1,0,0,0,0,1,0,0,0,1,0,0,0,1,0,0,0,1,0,0,0,1,0,0,0,1,0,0,0,0,0,0,0,20,0,21,0,0,9,0,10,0,11,0,22,0,23,0,24,0,25,0,26,0,27,0,28,0,9,0,10,0,11,0,5,0,0,3,3,6,7,8,0,5,0,29,30,31,32,33,2,2,2,2,2,2,2,2,2,2,34]],[[{"name":"img_hei","rect":[10,1,146,123],"offset":[0,-0.5],"originalSize":[166,124],"capInsets":[0,0,0,0]}],[1],0,[0],[3],[35]],[[{"name":"singleColor","rect":[115,477,2,2],"offset":[0,0],"originalSize":[2,2],"capInsets":[0,0,0,0]}],[1],0,[0],[3],[4]],[[{"name":"btn02","rect":[59,477,50,50],"offset":[0,0],"originalSize":[50,50],"capInsets":[20,19,22,22]}],[1],0,[0],[3],[4]],[[{"name":"img_xiaodangao","rect":[0,0,241,191],"offset":[0,0],"originalSize":[241,191],"capInsets":[0,0,0,0]}],[1],0,[0],[3],[36]],[[[73,"loading_01","\nloading_01.png\nsize: 64,64\nformat: RGBA8888\nfilter: Linear,Linear\nrepeat: none\npoint_01\n  rotate: false\n  xy: 2, 2\n  size: 36, 36\n  orig: 36, 36\n  offset: 0, 0\n  index: -1\n",["loading_01.png"],{"skeleton":{"hash":"mMZ8e6FVoAMlIt+9ONbFwQhzRlg","spine":"3.7.94","width":36,"height":36,"images":"../images/","audio":""},"bones":[{"name":"root"},{"name":"point_01","parent":"root","length":51.21,"rotation":90},{"name":"point_1","parent":"root","length":51.21,"rotation":90},{"name":"point_2","parent":"root","length":51.21,"rotation":90},{"name":"point_3","parent":"root","length":51.21,"rotation":90},{"name":"point_4","parent":"root","length":51.21,"rotation":90}],"slots":[{"name":"point_01","bone":"point_01","attachment":"point_01"},{"name":"point_1","bone":"point_1","attachment":"point_01"},{"name":"point_2","bone":"point_2","attachment":"point_01"},{"name":"point_3","bone":"point_3","attachment":"point_01"},{"name":"point_4","bone":"point_4","attachment":"point_01"}],"skins":{"default":{"point_01":{"point_01":{"x":100,"rotation":-90,"width":36,"height":36}},"point_1":{"point_01":{"x":100,"scaleX":0.8,"scaleY":0.8,"rotation":-90,"width":36,"height":36}},"point_2":{"point_01":{"x":100,"scaleX":0.7,"scaleY":0.7,"rotation":-90,"width":36,"height":36}},"point_3":{"point_01":{"x":100,"scaleX":0.6,"scaleY":0.6,"rotation":-90,"width":36,"height":36}},"point_4":{"point_01":{"x":100,"scaleX":0.5,"scaleY":0.5,"rotation":-90,"width":36,"height":36}}}},"animations":{"animation":{"bones":{"point_01":{"rotate":[{"time":0,"angle":0},{"time":0.6667,"angle":-179.99},{"time":0.8333,"angle":88.73},{"time":1,"angle":0}]},"point_1":{"rotate":[{"time":0.1,"angle":0},{"time":0.7667,"angle":-179.99},{"time":0.9333,"angle":90},{"time":1.1,"angle":0}]},"point_4":{"rotate":[{"time":0.4,"angle":0},{"time":1.0667,"angle":-179.99},{"time":1.2333,"angle":90},{"time":1.4,"angle":0}]},"point_3":{"rotate":[{"time":0.3,"angle":0},{"time":0.9667,"angle":-179.99},{"time":1.1333,"angle":90},{"time":1.3,"angle":0}]},"point_2":{"rotate":[{"time":0.2,"angle":0},{"time":0.8667,"angle":-179.99},{"time":1.0333,"angle":90},{"time":1.2,"angle":0}]}}}}},[0]]],0,0,[0],[-1],[37]],[[{"name":"img_bai_5-1","rect":[7,6,157,121],"offset":[1,-3],"originalSize":[169,127],"capInsets":[0,0,0,0]}],[1],0,[0],[3],[38]],[[{"name":"img_dangao","rect":[0,0,207,200],"offset":[0,0],"originalSize":[207,200],"capInsets":[0,0,0,0]}],[1],0,[0],[3],[39]],[[{"name":"default_radio_button_off","rect":[3,3,26,26],"offset":[0,0],"originalSize":[32,32],"capInsets":[0,0,0,0]}],[1],0,[0],[3],[40]],[[{"name":"default_btn_pressed","rect":[0,0,40,40],"offset":[0,0],"originalSize":[40,40],"capInsets":[12,12,12,12]}],[1],0,[0],[3],[41]],[[{"name":"img_binggan","rect":[14,15,144,137],"offset":[0,-0.5],"originalSize":[172,166],"capInsets":[0,0,0,0]}],[1],0,[0],[3],[42]],[[{"name":"default_btn_normal","rect":[0,0,40,40],"offset":[0,0],"originalSize":[40,40],"capInsets":[12,12,12,12]}],[1],0,[0],[3],[43]],[[{"name":"default_editbox_bg","rect":[0,0,40,40],"offset":[0,0],"originalSize":[40,40],"capInsets":[12,12,12,12]}],[1],0,[0],[3],[44]]]]